,Гармония Бессмертия
9653,0.981
2269,0.993
11461,1.0
9349,0.999
5427,0.98
10451,0.992
6792,0.975
8400,0.998
11545,0.983
10824,0.981
6390,0.983
6322,0.975
611,0.99
3679,0.993
2114,0.975
4635,0.996
5733,0.988
5993,0.99
3753,0.976
3166,0.988
2602,0.978
6663,0.987
511,0.979
8343,0.992
7433,0.994
3015,0.998
4250,0.979
8410,0.999
6725,0.994
8900,0.975
9968,0.99
520,0.98
8610,0.995
11654,0.995
11269,0.979
6092,0.975
3955,0.998
11114,0.987
5653,0.979
6417,0.986
8349,0.992
11824,0.988
11280,0.98
3989,0.976
1109,0.994
11454,0.999
7247,1.0
1038,0.986
10827,0.982
20,0.977
5431,0.98
4226,0.976
6349,0.978
5922,0.983
4606,0.992
934,1.0
5100,0.995
10775,0.976
7417,0.993
9922,0.985
394,0.992
8207,0.976
6032,0.995
1737,0.986
2165,0.981
561,0.985
3069,0.978
7366,0.987
10998,0.975
9471,0.987
1162,1.0
6074,0.999
4411,0.997
1729,0.985
1527,0.988
4929,0.976
842,0.99
2930,0.988
7450,0.996
58,0.981
5245,0.985
2865,0.981
3846,0.986
6486,0.993
2291,0.995
6022,0.994
83,0.984
5236,0.984
11184,0.995
1945,0.983
1649,0.976
10544,0.976
11352,0.988
2724,0.991
7501,0.976
8346,0.992
414,0.995
5267,0.988
11333,0.986
2450,0.987
10684,0.992
9952,0.988
11163,0.993
5857,0.975
10896,0.989
7401,0.991
7850,0.989
7528,0.979
11342,0.987
2907,0.986
11446,0.998
10246,0.995
3538,0.978
2133,0.978
1897,0.977
7578,0.985
6482,0.993
8786,0.989
4742,0.981
9251,0.988
9113,0.999
9101,0.998
1817,0.994
11648,0.995
1937,0.982
337,0.986
5531,0.991
2335,1.0
4474,0.978
2072,0.997
5503,0.988
1726,0.984
8399,0.998
1047,0.987
5216,0.982
9706,0.987
2815,0.975
4808,0.989
9578,0.999
2320,0.998
5282,0.989
8639,0.998
7168,0.991
3386,0.987
8457,0.978
8118,0.993
766,0.982
2861,0.98
4969,0.981
3971,1.0
1144,0.998
9842,0.976
10681,0.991
2510,0.993
5332,0.995
2273,0.993
7001,0.998
6703,0.991
11193,0.996
7607,0.988
8451,0.978
9894,0.982
102,0.986
1989,0.988
4256,0.979
8655,1.0
8018,0.981
828,0.989
8699,0.979
11517,0.98
1672,0.978
5872,0.977
9040,0.991
4335,0.988
8204,0.976
5169,0.977
2856,0.98
10154,0.985
1808,0.993
6182,0.985
2275,0.993
3761,0.976
8055,0.986
7541,0.98
11780,0.983
2045,0.994
9277,0.991
4862,0.995
4464,0.977
1295,0.988
11507,0.979
591,0.988
6286,0.997
221,0.999
7828,0.986
8057,0.986
7018,1.0
6323,0.975
858,0.992
3941,0.996
4924,0.976
7700,0.998
6678,0.989
841,0.99
11758,0.981
7403,0.991
8449,0.977
5598,0.999
9216,0.985
3703,0.996
994,0.981
6277,0.996
11067,0.982
1554,0.991
4622,0.994
7957,0.975
3772,0.978
5514,0.989
11237,0.975
6967,0.995
6586,0.978
3559,0.98
2848,0.979
7146,0.989
10175,0.987
3827,0.984
2513,0.994
8675,0.976
1463,0.981
10425,0.989
6369,0.98
6507,0.996
4640,0.996
2835,0.978
7484,1.0
6745,0.996
2233,0.989
3050,0.975
9558,0.997
10982,0.999
400,0.993
7405,0.991
4830,0.991
11714,0.976
6137,0.98
8128,0.994
4918,0.975
5398,0.976
8265,0.983
1023,0.984
3298,0.977
8379,0.996
4403,0.996
59,0.981
4773,0.985
4397,0.995
5700,0.984
6671,0.988
7495,0.975
1328,0.992
10690,0.992
3351,0.983
4934,0.977
168,0.993
3279,0.975
10960,0.996
11187,0.996
5412,0.978
7685,0.996
1550,0.991
1009,0.983
9059,0.993
2554,0.998
7007,0.999
1612,0.998
2737,0.993
3455,0.994
5888,0.979
6282,0.997
8284,0.985
648,0.995
6001,0.991
2862,0.981
879,0.994
4549,0.986
3837,0.985
11042,0.979
2303,0.996
6189,0.986
1624,0.999
550,0.984
11841,0.99
8968,0.983
6632,0.983
4995,0.984
4317,0.986
6075,1.0
211,0.998
9972,0.991
5620,0.975
9572,0.998
3232,0.996
7517,0.978
7017,1.0
3543,0.978
68,0.982
1438,0.978
2515,0.994
2868,0.981
8583,0.992
6510,0.996
10017,0.996
696,1.0
8681,0.977
4502,0.981
8839,0.995
9162,0.979
8447,0.977
10051,0.999
1314,0.991
9622,0.978
10959,0.996
8852,0.996
9585,1.0
10726,0.996
12,0.976
772,0.982
818,0.987
11219,0.999
8651,1.0
1346,0.994
10319,0.977
453,0.999
10547,0.976
11656,0.996
1656,0.977
3457,0.995
5524,0.99
10419,0.988
9388,0.978
37,0.979
6175,0.985
9940,0.987
1043,0.986
2908,0.986
6438,0.988
940,0.975
4271,0.981
6379,0.981
9896,0.982
9252,0.989
9870,0.979
5070,0.992
11171,0.994
7087,0.982
538,0.982
11715,0.976
5785,0.993
1400,1.0
5824,0.998
10628,0.985
30,0.978
2267,0.992
10332,0.979
7937,0.998
4395,0.995
3677,0.993
2470,0.989
7614,0.989
8267,0.983
11646,0.995
9493,0.989
8719,0.981
5386,0.975
1092,0.992
266,0.978
1108,0.994
9133,0.975
10791,0.978
3229,0.995
11819,0.988
6903,0.988
9666,0.983
3319,0.979
6717,0.993
1739,0.986
230,1.0
10212,0.991
898,0.996
9941,0.987
7060,0.979
11603,0.99
9441,0.984
7457,0.997
4705,0.977
10443,0.991
1563,0.992
10338,0.979
5145,1.0
3071,0.978
9294,0.993
11692,1.0
6858,0.983
3433,0.992
10042,0.998
9457,0.985
10665,0.99
11063,0.982
6781,1.0
4339,0.989
7981,0.977
4192,0.998
4863,0.995
5199,0.98
3573,0.982
4724,0.979
10907,0.99
6880,0.985
3375,0.986
2840,0.978
8167,0.998
7946,0.999
4245,0.978
11122,0.988
4412,0.997
5007,0.985
9169,0.979
10994,1.0
3614,0.986
2213,0.986
833,0.989
8709,0.98
8892,0.975
10745,0.998
4373,0.992
2111,0.975
9778,0.995
7387,0.989
5909,0.981
10809,0.98
1743,0.986
6210,0.989
6753,0.997
5377,1.0
11204,0.997
10776,0.976
10640,0.987
6021,0.994
2543,0.997
930,1.0
5961,0.987
1197,0.978
11278,0.98
8336,0.991
6926,0.99
355,0.988
1429,0.977
6874,0.984
3095,0.98
2991,0.995
9725,0.989
11631,0.993
8635,0.998
1153,0.999
4253,0.979
332,0.985
9605,0.976
2769,0.996
6243,0.992
1598,0.996
10656,0.989
8424,0.975
5321,0.994
964,0.978
6664,0.987
5880,0.978
8587,0.993
2698,0.988
5382,0.975
132,0.989
1483,0.983
1395,1.0
6866,0.983
9246,0.988
3281,0.975
7755,0.978
1426,0.977
2544,0.997
5306,0.992
5544,0.993
10930,0.993
2885,0.983
6762,0.998
7814,0.985
4073,0.985
3070,0.978
2178,0.983
8052,0.985
8380,0.996
1057,0.988
6682,0.989
4441,1.0
4850,0.993
9523,0.993
2968,0.992
4826,0.991
3123,0.984
9570,0.998
1544,0.99
6912,0.989
11345,0.987
8563,0.99
10719,0.996
5851,0.975
724,0.977
8625,0.997
6161,0.983
10113,0.98
7393,0.99
5364,0.999
5990,0.99
11355,0.988
7571,0.984
6865,0.983
1561,0.992
5511,0.989
4989,0.983
6227,0.99
1095,0.992
10139,0.983
3287,0.976
9869,0.979
6827,0.979
2605,0.978
1392,0.999
7292,0.979
10312,0.976
752,0.98
9254,0.989
3737,1.0
11669,0.997
10180,0.988
3215,0.994
6134,0.98
1777,0.99
4113,0.99
1770,0.989
11034,0.979
4447,0.975
3022,0.998
3012,0.997
10883,0.988
6606,0.981
10735,0.997
9380,0.977
9802,0.998
527,0.981
6319,0.975
5294,0.991
1919,0.98
701,1.0
4170,0.996
5464,0.984
9456,0.985
1298,0.989
1352,0.995
2926,0.988
9285,0.992
1287,0.988
4205,1.0
9774,0.995
11147,0.991
8048,0.985
2013,0.99
7363,0.987
6554,0.975
5561,0.994
2147,0.979
5478,0.985
8818,0.992
5580,0.997
6153,0.982
6512,0.996
7228,0.998
11693,1.0
6820,0.978
8743,0.984
810,0.987
7627,0.99
2073,0.997
11556,0.985
8897,0.975
885,0.995
1477,0.983
1790,0.991
7722,0.975
2008,0.99
6947,0.992
682,0.998
3895,0.991
4874,0.996
8466,0.979
9881,0.98
57,0.981
5924,0.983
2399,0.981
11482,0.976
7305,0.98
6408,0.985
6662,0.987
1468,0.982
1416,0.976
9531,0.994
2358,0.977
7765,0.979
8395,0.997
10166,0.986
10110,0.98
10613,0.984
3869,0.988
11439,0.998
7066,0.98
4337,0.988
8421,1.0
9404,0.979
1055,0.988
2281,0.994
9899,0.982
1924,0.98
10772,0.975
1075,0.99
1115,0.994
3936,0.996
3533,0.977
8113,0.992
460,1.0
3032,0.999
4207,1.0
10623,0.985
1452,0.98
2149,0.979
319,0.984
4786,0.986
1922,0.98
8299,0.987
10595,0.982
5323,0.994
11633,0.993
10746,0.999
2129,0.977
6196,0.987
7884,0.993
10354,0.981
1052,0.987
5688,0.983
8201,0.976
4067,0.984
1456,0.98
10359,0.982
361,0.989
11773,0.983
3145,0.986
5289,0.99
5638,0.977
6119,0.978
8318,0.989
4359,0.991
7220,0.997
540,0.983
6948,0.993
10099,0.979
8886,1.0
10763,1.0
754,0.98
5151,0.975
2003,0.989
2542,0.997
5640,0.977
7630,0.99
5121,0.998
100,0.986
6604,0.98
601,0.989
10634,0.986
5703,0.984
11679,0.998
1044,0.987
9257,0.989
1557,0.992
1487,0.984
10963,0.997
6085,0.975
2115,0.976
8408,0.999
618,0.991
6435,0.988
10129,0.982
3396,0.988
1600,0.996
8196,0.975
8364,0.994
1615,0.998
1752,0.987
5769,0.992
2083,0.998
5087,0.994
8574,0.991
7089,0.982
6572,0.977
8925,0.978
675,0.998
2545,0.997
9931,0.986
3999,0.977
11328,0.985
8165,0.998
11076,0.983
3609,0.986
9362,0.975
3787,0.979
2225,0.988
7376,0.988
5758,0.99
1126,0.996
5361,0.998
9839,0.976
2441,0.986
1322,0.991
1603,0.997
4210,1.0
9307,0.995
10597,0.982
4065,0.984
11020,0.977
11150,0.991
8481,0.981
10624,0.985
4071,0.985
1507,0.986
1559,0.992
5833,0.999
8095,0.99
4587,0.99
9727,0.989
6517,0.997
1836,0.997
1354,0.995
6167,0.984
6782,1.0
10519,0.999
8121,0.993
4032,0.981
11040,0.979
5537,0.992
9736,0.99
8412,0.999
2251,0.991
1025,0.984
7936,0.998
5421,0.979
10510,0.998
4475,0.978
3397,0.988
313,0.983
9427,0.982
7969,0.976
7091,0.982
4407,0.996
8708,0.98
5176,0.978
2970,0.993
5250,0.986
7367,0.987
3885,0.99
11459,1.0
9562,0.997
9140,0.976
9933,0.986
4419,0.998
7046,0.977
8982,0.985
5817,0.997
9340,0.998
1840,0.997
10836,0.983
6027,0.994
3673,0.993
5120,0.997
10324,0.978
11904,0.997
3320,0.979
2272,0.993
4254,0.979
847,0.991
5239,0.985
8369,0.994
5666,0.98
10073,0.976
7447,0.996
1417,0.976
9635,0.979
3848,0.986
604,0.99
11667,0.997
2078,0.997
7302,0.98
2311,0.997
4343,0.989
6191,0.986
1982,0.987
199,0.997
485,0.976
3270,1.0
2823,0.976
3245,0.997
8108,0.991
5277,0.989
3749,0.975
11713,0.976
7104,0.984
9743,0.991
2794,0.999
4629,0.995
9761,0.993
8251,0.981
524,0.981
947,0.976
9224,0.985
11846,0.991
1280,0.987
122,0.988
4366,0.992
11236,0.975
5035,0.988
2302,0.996
10758,1.0
9695,0.986
1005,0.982
3460,0.995
10900,0.99
8952,0.981
10711,0.995
3055,0.976
3566,0.981
8620,0.996
2132,0.977
9142,0.976
5360,0.998
5790,0.994
229,1.0
6849,0.982
4001,0.977
10892,0.989
8383,0.996
6537,0.999
3007,0.997
9646,0.98
4221,0.976
6995,0.998
10749,0.999
6130,0.98
2750,0.994
6253,0.993
6997,0.998
4376,0.993
2944,0.99
9082,0.996
2718,0.991
6657,0.986
6826,0.979
5538,0.992
5967,0.988
9275,0.991
7770,0.98
4161,0.995
10163,0.986
9197,0.982
11180,0.995
9824,1.0
9584,0.999
11815,0.987
10562,0.978
10031,0.997
1017,0.984
4868,0.995
9582,0.999
1928,0.981
350,0.987
6500,0.995
11143,0.991
11172,0.994
7300,0.98
10138,0.983
7211,0.996
564,0.985
1582,0.994
2175,0.982
9280,0.992
7709,0.999
3933,0.996
2707,0.989
11783,0.984
8496,0.983
3535,0.977
5292,0.991
7460,0.997
6695,0.99
3739,1.0
9342,0.999
821,0.988
2063,0.996
7948,1.0
81,0.984
9724,0.989
2697,0.988
831,0.989
3826,0.984
11827,0.989
2833,0.977
9814,0.999
11082,0.984
9192,0.982
48,0.98
6480,0.993
6301,0.999
7645,0.992
9132,0.975
4674,1.0
8979,0.984
4095,0.988
2689,0.987
8225,0.978
8654,1.0
6211,0.989
2373,0.978
7508,0.977
2758,0.995
7199,0.994
6462,0.991
5399,0.976
9748,0.992
3880,0.99
7603,0.987
4720,0.979
10941,0.994
8685,0.978
6383,0.982
3945,0.997
9430,0.982
2164,0.981
2886,0.983
9431,0.982
8641,0.999
516,0.98
9314,0.995
5171,0.977
172,0.994
639,0.994
4842,0.993
6180,0.985
1143,0.998
8598,0.994
7049,0.978
10071,0.976
1832,0.996
7320,0.982
6067,0.999
3686,0.994
9063,0.994
8870,0.998
4537,0.985
5900,0.98
7243,0.999
834,0.989
2486,0.991
8933,0.979
8936,0.979
6499,0.995
6728,0.994
10513,0.999
6699,0.991
65,0.982
11381,0.991
8515,0.985
8243,0.98
2024,0.991
9137,0.976
354,0.988
6020,0.993
6821,0.978
9674,0.983
8965,0.983
6174,0.985
4755,0.983
4568,0.988
3127,0.984
4619,0.994
309,0.983
4597,0.991
6973,0.995
10032,0.997
4354,0.99
7396,0.99
5220,0.983
7315,0.981
11531,0.982
2583,0.976
8671,0.976
2770,0.996
10731,0.997
9242,0.987
5629,0.976
3209,0.993
6691,0.99
3905,0.992
6162,0.983
5583,0.997
6127,0.979
2379,0.979
8330,0.99
7573,0.984
4169,0.996
5814,0.997
3428,0.991
4421,0.998
1101,0.993
5969,0.988
5026,0.987
11376,0.991
3250,0.998
7966,0.976
4140,0.993
3557,0.98
6785,1.0
118,0.988
2022,0.991
4598,0.991
5497,0.987
4649,0.997
10334,0.979
5459,0.983
8579,0.992
4771,0.985
7386,0.989
4273,0.981
6014,0.993
87,0.984
11770,0.982
3382,0.986
7637,0.991
403,0.993
3350,0.983
9936,0.987
4832,0.991
9689,0.985
2241,0.99
8523,0.986
7488,0.975
1027,0.985
11578,0.987
5843,1.0
2436,0.985
7955,1.0
1278,0.987
7030,0.976
7259,0.975
1425,0.977
6558,0.975
1502,0.985
11622,0.992
10214,0.991
9781,0.995
11260,0.978
678,0.998
8316,0.989
5533,0.991
6712,0.992
5627,0.976
1070,0.989
5045,0.989
2480,0.99
10706,0.994
3392,0.987
1099,0.993
6412,0.985
7453,0.997
418,0.995
10558,0.978
11782,0.984
1947,0.983
3336,0.981
2299,0.996
6487,0.993
10730,0.997
208,0.998
8690,0.978
5860,0.976
5553,0.994
528,0.981
779,0.983
722,0.977
8059,0.986
1860,0.999
10631,0.986
11405,0.994
10101,0.979
10860,0.985
1992,0.988
2332,1.0
7349,0.985
8093,0.99
5597,0.998
3459,0.995
8184,1.0
7748,0.977
6649,0.985
6726,0.994
4518,0.983
5211,0.982
5859,0.976
9942,0.987
257,0.977
9097,0.997
9036,0.991
10272,0.998
9538,0.994
11144,0.991
3625,0.987
702,0.975
3189,0.991
503,0.978
10515,0.999
8074,0.988
7229,0.998
2248,0.99
372,0.99
4052,0.983
3937,0.996
11806,0.986
4076,0.985
997,0.981
4332,0.988
1176,0.975
11557,0.985
551,0.984
4372,0.992
3497,0.999
7466,0.998
4768,0.984
11885,0.995
11395,0.993
11057,0.981
8903,0.976
7134,0.987
8187,1.0
693,1.0
2533,0.996
3443,0.993
982,0.98
8141,0.995
11229,1.0
4222,0.976
91,0.985
2266,0.992
8560,0.99
7747,0.977
261,0.978
3337,0.981
8047,0.985
11928,1.0
7944,0.999
445,0.998
3555,0.98
2194,0.984
6418,0.986
6805,0.977
2867,0.981
2526,0.995
7680,0.996
5317,0.993
7995,0.979
1168,1.0
4144,0.993
84,0.984
3149,0.986
9058,0.993
880,0.994
10025,0.996
6080,1.0
1467,0.982
8732,0.983
9259,0.989
8397,0.998
4326,0.987
4044,0.982
4137,0.992
3039,1.0
10551,0.977
4962,0.98
579,0.987
8377,0.995
9494,0.989
5062,0.991
9401,0.979
8049,0.985
4157,0.994
5714,0.985
413,0.994
402,0.993
4428,0.999
2084,0.998
3057,0.976
8943,0.98
164,0.993
10639,0.987
4302,0.985
11533,0.982
11497,0.978
3317,0.979
9567,0.998
3934,0.996
10251,0.996
1334,0.993
10701,0.994
753,0.98
3064,0.977
706,0.975
10412,0.987
4573,0.989
8908,0.976
3151,0.987
11159,0.992
3799,0.981
4022,0.979
1074,0.99
10780,0.976
3438,0.993
6443,0.988
8728,0.982
7283,0.978
2429,0.984
246,0.976
3815,0.982
9544,0.995
3632,0.988
11893,0.996
2262,0.992
2246,0.99
835,0.989
432,0.997
5065,0.991
1173,0.975
5426,0.979
4656,0.998
7143,0.988
8039,0.984
11090,0.985
11673,0.998
11301,0.982
5058,0.991
5106,0.996
3407,0.989
2729,0.992
11813,0.987
433,0.997
8539,0.987
9050,0.992
10839,0.983
6954,0.993
7277,0.977
8796,0.99
8919,0.978
4002,0.977
7647,0.992
1332,0.993
10408,0.987
5156,0.975
10013,0.995
1443,0.979
6700,0.991
5302,0.992
4310,0.985
6041,0.996
6437,0.988
9429,0.982
2569,1.0
8722,0.982
4277,0.982
3666,0.992
5727,0.987
2446,0.986
6271,0.995
3657,0.991
10072,0.976
3172,0.989
1223,0.98
5492,0.987
7845,0.988
544,0.983
1204,0.978
8409,0.999
6011,0.992
10857,0.985
2637,0.982
11551,0.984
9313,0.995
9924,0.985
6123,0.979
10397,0.986
877,0.994
9683,0.984
196,0.996
11627,0.992
3383,0.986
4379,0.993
8239,0.98
8558,0.989
2997,0.996
7412,0.992
2571,1.0
5605,0.999
10287,1.0
11178,0.995
11425,0.996
4711,0.978
4163,0.995
10784,0.977
7977,0.977
8975,0.984
2682,0.987
6952,0.993
2508,0.993
6757,0.997
1510,0.986
4314,0.986
10062,0.975
1244,0.983
9770,0.994
6069,0.999
10511,0.998
4121,0.99
8658,0.975
7201,0.995
6461,0.99
6213,0.989
254,0.977
5183,0.978
4511,0.982
6627,0.983
9851,0.977
759,0.981
654,0.995
7213,0.996
3401,0.988
1420,0.976
3044,0.975
2830,0.977
7975,0.977
328,0.985
253,0.977
5787,0.994
4377,0.993
3019,0.998
3029,0.999
2636,0.981
7476,0.999
6421,0.986
3018,0.998
2945,0.99
3659,0.991
8456,0.978
7960,0.975
5837,0.999
2663,0.984
10545,0.976
1362,0.996
5425,0.979
3481,0.997
11489,0.977
8757,0.986
10104,0.979
5079,0.993
6724,0.994
10581,0.98
2880,0.983
3381,0.986
1302,0.989
5981,0.989
4957,0.979
4836,0.992
10473,0.994
7068,0.98
5129,0.998
8670,0.976
942,0.975
3235,0.996
3257,0.998
7782,0.981
8844,0.995
176,0.994
435,0.997
4999,0.984
308,0.983
1565,0.992
3964,0.999
8026,0.982
6351,0.978
10467,0.994
4977,0.982
9054,0.993
9767,0.994
595,0.989
9960,0.989
4625,0.994
7915,0.996
9918,0.985
2623,0.98
4572,0.989
9061,0.993
10912,0.991
231,1.0
179,0.994
737,0.978
11465,1.0
7307,0.98
8748,0.985
7317,0.982
5936,0.984
7332,0.983
9573,0.998
1321,0.991
1995,0.988
6083,1.0
9390,0.978
6232,0.991
800,0.985
9148,0.977
11445,0.998
10098,0.979
69,0.982
6861,0.983
9193,0.982
1680,0.979
377,0.99
1469,0.982
2603,0.978
4181,0.997
6735,0.995
4505,0.981
4230,0.977
3091,0.98
2726,0.991
477,0.976
1329,0.992
2283,0.994
3732,0.999
11768,0.982
751,0.98
5835,0.999
6955,0.993
873,0.994
7443,0.996
7383,0.989
4564,0.988
1545,0.99
739,0.979
10208,0.991
2683,0.987
11513,0.98
8829,0.994
8042,0.984
3518,0.975
5092,0.994
2354,0.976
10068,0.975
9848,0.977
773,0.982
11933,1.0
10509,0.998
9447,0.984
641,0.994
8255,0.982
10159,0.985
8833,0.994
7217,0.996
4309,0.985
865,0.993
7159,0.99
11413,0.995
8292,0.986
11799,0.986
7067,0.98
6851,0.982
7877,0.992
962,0.977
8860,0.997
10369,0.983
8366,0.994
11289,0.981
3309,0.978
2166,0.981
363,0.989
3723,0.998
2825,0.976
3597,0.984
4726,0.98
546,0.983
2940,0.989
471,0.975
1641,0.975
6118,0.978
3338,0.981
5235,0.984
1172,0.975
6831,0.98
8011,0.981
8149,0.996
7235,0.998
6532,0.998
5614,1.0
9982,0.992
10198,0.99
1410,0.975
6890,0.986
5692,0.983
5304,0.992
8887,1.0
2694,0.988
815,0.987
2131,0.977
1797,0.992
4575,0.989
3122,0.983
7279,0.977
4275,0.982
11037,0.979
7919,0.996
7808,0.984
10376,0.983
7149,0.989
237,0.975
1532,0.989
11233,0.975
5466,0.984
3410,0.989
2831,0.977
10862,0.985
1535,0.989
3879,0.99
5587,0.997
1299,0.989
5204,0.981
8540,0.987
1480,0.983
2793,0.999
6939,0.992
11668,0.997
5091,0.994
2329,0.999
11720,0.977
5376,1.0
8025,0.982
5852,0.975
3661,0.991
555,0.984
4825,0.991
1163,1.0
11691,1.0
4715,0.978
397,0.993
9282,0.992
7551,0.982
11563,0.985
6088,0.975
10398,0.986
6131,0.98
723,0.977
300,0.982
10020,0.996
7540,0.98
4294,0.984
5165,0.976
4185,0.998
9530,0.993
5298,0.991
11733,0.978
3142,0.986
9889,0.981
3205,0.993
4955,0.979
4582,0.99
10803,0.979
11418,0.995
8000,0.979
6958,0.994
1152,0.999
1212,0.979
4503,0.981
9798,0.997
11576,0.987
10632,0.986
9871,0.979
6072,0.999
665,0.996
10750,0.999
642,0.994
11024,0.977
3767,0.977
4272,0.981
5371,0.999
786,0.984
2857,0.98
3202,0.992
6886,0.986
4187,0.998
10536,0.975
9897,0.982
4824,0.991
2905,0.985
4626,0.995
5523,0.99
996,0.981
9545,0.995
8541,0.988
9693,0.986
8721,0.982
156,0.992
7534,0.98
3085,0.979
8324,0.989
1552,0.991
7254,0.975
11370,0.99
7318,0.982
3795,0.98
495,0.978
2321,0.998
9697,0.986
8542,0.988
151,0.991
6248,0.993
10143,0.984
6321,0.975
11804,0.986
1738,0.986
3001,0.996
10579,0.98
7118,0.985
6625,0.983
10741,0.998
2883,0.983
3720,0.998
10505,0.998
10171,0.987
6423,0.986
8807,0.991
7282,0.978
2276,0.993
4823,0.99
4704,0.977
4461,0.976
343,0.987
5980,0.989
4136,0.992
8615,0.996
6023,0.994
6095,0.976
2223,0.988
4196,0.999
7520,0.978
5272,0.988
8291,0.986
5081,0.993
7109,0.984
10497,0.997
10899,0.99
4734,0.981
9174,0.98
1465,0.981
4593,0.991
2234,0.989
6618,0.982
3903,0.992
8185,1.0
11051,0.98
5385,0.975
10225,0.993
8209,0.977
7198,0.994
4151,0.994
9999,0.994
2121,0.976
6961,0.994
5012,0.985
9202,0.983
5932,0.984
3161,0.988
2630,0.981
6964,0.994
10149,0.984
9581,0.999
10702,0.994
1203,0.978
8029,0.983
616,0.991
1926,0.981
3114,0.983
2641,0.982
10695,0.993
2562,0.999
5847,1.0
2728,0.992
7440,0.995
9475,0.987
2126,0.977
6341,0.977
9835,0.975
10646,0.987
8784,0.989
805,0.986
4694,0.976
9919,0.985
5994,0.991
3140,0.985
4280,0.982
9014,0.988
7974,0.977
5697,0.984
547,0.983
26,0.977
9571,0.998
3918,0.994
4486,0.979
8256,0.982
9262,0.99
1221,0.98
7148,0.989
2548,0.998
11607,0.99
437,0.997
6249,0.993
10094,0.978
9317,0.996
1861,0.999
2699,0.988
10561,0.978
10217,0.992
2481,0.99
5709,0.985
10058,1.0
2706,0.989
6595,0.979
326,0.985
5135,0.999
5325,0.994
2499,0.992
1004,0.982
9466,0.986
6436,0.988
4011,0.978
10666,0.99
534,0.982
7550,0.981
3960,0.999
585,0.988
9830,0.975
8312,0.988
7299,0.98
7322,0.982
10887,0.988
491,0.977
11763,0.982
6842,0.981
5743,0.989
9249,0.988
9373,0.976
3548,0.979
6104,0.977
1916,0.979
3185,0.99
5477,0.985
1910,0.979
7636,0.991
6062,0.998
1133,0.996
7375,0.988
6935,0.991
2518,0.994
8585,0.992
1317,0.991
4368,0.992
121,0.988
9149,0.977
2449,0.987
5770,0.992
6194,0.987
2601,0.978
1522,0.988
7799,0.983
2173,0.982
3283,0.975
4554,0.987
3605,0.985
10278,0.999
10107,0.98
9838,0.976
10816,0.98
3768,0.977
6794,0.975
8176,0.999
4038,0.981
3502,1.0
1407,0.975
4631,0.995
8492,0.982
8993,0.986
4935,0.977
6987,0.997
2579,0.975
5484,0.986
3269,1.0
11398,0.993
1867,1.0
11826,0.989
5903,0.98
2521,0.995
8500,0.983
1820,0.995
6387,0.982
51,0.98
3888,0.991
5187,0.979
8911,0.977
3577,0.982
4565,0.988
7338,0.984
9826,1.0
9533,0.994
1858,0.999
7237,0.999
11371,0.99
4961,0.98
9217,0.985
7047,0.978
8582,0.992
11004,0.975
5198,0.98
10181,0.988
425,0.996
4284,0.983
10733,0.997
10985,0.999
228,1.0
9350,0.999
2741,0.993
5137,0.999
10432,0.99
5896,0.98
8254,0.982
2921,0.987
8114,0.992
10853,0.984
3653,0.99
6529,0.998
5861,0.976
1128,0.996
7267,0.976
2331,1.0
2208,0.986
8485,0.981
10615,0.984
6013,0.993
3153,0.987
9616,0.977
9359,1.0
10663,0.989
11458,1.0
4990,0.983
2374,0.978
1632,1.0
6921,0.99
2298,0.996
11831,0.989
4252,0.979
7632,0.991
2721,0.991
9120,1.0
7774,0.98
5998,0.991
7899,0.994
8857,0.997
8104,0.991
5767,0.991
5094,0.995
7655,0.993
10629,0.986
7726,0.975
7924,0.997
9701,0.986
2550,0.998
9363,0.975
9226,0.986
938,0.975
8742,0.984
10571,0.979
11585,0.988
11601,0.99
4852,0.994
2644,0.982
10424,0.989
3165,0.988
3639,0.989
8019,0.982
6758,0.997
7608,0.988
2061,0.996
4645,0.997
9630,0.979
2812,0.975
11194,0.996
10404,0.987
10724,0.996
2549,0.998
8423,1.0
6916,0.989
8119,0.993
8622,0.997
4174,0.996
10441,0.991
1024,0.984
4848,0.993
5740,0.988
7732,0.976
1951,0.983
7132,0.987
351,0.988
10134,0.983
5480,0.985
9375,0.976
4797,0.988
5563,0.995
3662,0.991
11318,0.984
4657,0.998
5636,0.977
3150,0.987
6830,0.979
8747,0.984
4813,0.989
5781,0.993
8419,1.0
5143,1.0
2939,0.989
4510,0.982
1340,0.993
11181,0.995
1391,0.999
7250,1.0
9665,0.982
9272,0.991
8405,0.998
1583,0.994
1412,0.975
11423,0.996
10438,0.99
2256,0.991
8846,0.995
2212,0.986
2622,0.98
8469,0.98
5417,0.978
4938,0.977
8723,0.982
3624,0.987
6117,0.978
4267,0.981
10714,0.995
463,1.0
1754,0.987
6568,0.976
9775,0.995
5766,0.991
10269,0.998
378,0.991
3106,0.982
4803,0.988
1335,0.993
10495,0.997
11564,0.985
2716,0.99
8858,0.997
10178,0.987
11139,0.99
7669,0.995
6931,0.991
7727,0.975
1811,0.994
10774,0.976
6569,0.976
1894,0.977
11859,0.992
8493,0.982
7273,0.977
10196,0.989
1189,0.977
5194,0.98
7793,0.982
10164,0.986
8638,0.998
3454,0.994
7579,0.985
9081,0.996
10760,1.0
9973,0.991
8902,0.976
4613,0.993
3992,0.976
11035,0.979
1030,0.985
6650,0.985
2220,0.987
3774,0.978
8480,0.981
9253,0.989
1755,0.988
6114,0.978
8729,0.982
4327,0.987
10187,0.988
110,0.987
7819,0.985
8856,0.997
2917,0.987
7039,0.977
1515,0.987
11271,0.979
10993,1.0
10801,0.979
10030,0.997
2263,0.992
6464,0.991
5992,0.99
10126,0.982
11327,0.985
893,0.996
1490,0.984
1850,0.998
7225,0.997
324,0.985
1215,0.98
2933,0.988
4689,0.976
8835,0.994
8570,0.991
10235,0.994
10951,0.995
11602,0.99
1129,0.996
6856,0.982
2918,0.987
3084,0.979
4588,0.99
4304,0.985
2795,0.999
5689,0.983
798,0.985
734,0.978
11428,0.996
2244,0.99
178,0.994
8269,0.983
9053,0.992
1174,0.975
6571,0.977
8283,0.985
1831,0.996
9647,0.98
6145,0.981
9586,1.0
1781,0.99
3201,0.992
198,0.997
8145,0.996
4087,0.987
5193,0.98
548,0.983
3339,0.982
11255,0.977
6552,0.975
6515,0.996
7257,0.975
2532,0.996
2314,0.998
8823,0.993
8497,0.983
9841,0.976
9797,0.997
66,0.982
5127,0.998
4712,0.978
5214,0.982
3260,0.999
5033,0.988
2572,1.0
8147,0.996
8617,0.996
622,0.992
1681,0.979
787,0.984
3332,0.981
9296,0.993
7105,0.984
10433,0.99
3280,0.975
9800,0.997
10880,0.987
8001,0.98
5828,0.998
10736,0.997
515,0.98
478,0.976
11417,0.995
6107,0.977
8156,0.997
2647,0.983
9782,0.995
11596,0.989
7341,0.984
1033,0.985
9813,0.999
2598,0.977
11745,0.98
8005,0.98
6508,0.996
344,0.987
5521,0.99
5816,0.997
1871,1.0
7861,0.99
7152,0.989
3986,0.975
11460,1.0
2888,0.983
7865,0.99
4623,0.994
4818,0.99
220,0.999
10961,0.996
6896,0.987
9928,0.986
6578,0.977
7743,0.977
6270,0.995
4016,0.979
9256,0.989
4248,0.979
11142,0.991
10521,1.0
11899,0.997
6188,0.986
1264,0.985
4241,0.978
5650,0.978
6045,0.996
10841,0.983
10305,0.976
10950,0.995
6727,0.994
8289,0.986
2881,0.983
1677,0.979
6380,0.981
901,0.997
9161,0.978
2296,0.996
3402,0.989
11161,0.993
296,0.981
10476,0.995
4153,0.994
9696,0.986
6273,0.996
27,0.978
9300,0.994
8840,0.995
3829,0.984
8276,0.984
3248,0.997
5799,0.995
9453,0.985
7410,0.992
2580,0.975
9180,0.981
7854,0.989
8063,0.986
1370,0.997
11761,0.981
9044,0.991
7406,0.991
5551,0.993
6752,0.997
5254,0.986
681,0.998
11104,0.986
4775,0.985
5422,0.979
3159,0.988
8677,0.977
2987,0.994
4908,1.0
1882,0.976
5802,0.995
8271,0.984
1940,0.982
3296,0.977
3534,0.977
3729,0.999
490,0.977
7224,0.997
1181,0.976
1375,0.997
5014,0.986
8406,0.999
7369,0.987
626,0.992
4758,0.983
10833,0.982
2112,0.975
8247,0.981
7752,0.978
1767,0.989
8753,0.985
4180,0.997
10373,0.983
7750,0.978
1462,0.981
2887,0.983
6307,0.999
684,0.999
4539,0.985
4514,0.982
10358,0.981
9391,0.978
1366,0.996
3916,0.994
11697,1.0
2639,0.982
11288,0.981
5602,0.999
10770,0.975
5729,0.987
5730,0.987
7180,0.992
8260,0.982
2300,0.996
4787,0.986
2938,0.989
5659,0.979
8142,0.995
10326,0.978
7181,0.992
1979,0.986
3803,0.981
4534,0.984
11429,0.996
6192,0.987
8689,0.978
6772,0.999
11698,1.0
4800,0.988
2280,0.994
6348,0.978
5928,0.983
4469,0.977
5133,0.999
8956,0.982
998,0.981
4130,0.991
5266,0.988
9983,0.992
11702,0.975
1784,0.991
3182,0.99
10336,0.979
494,0.977
7911,0.996
9270,0.991
5948,0.985
2860,0.98
2038,0.993
4041,0.982
9158,0.978
2897,0.984
366,0.989
849,0.991
7435,0.995
7189,0.993
7675,0.995
6146,0.981
2653,0.983
3503,1.0
1541,0.99
5952,0.986
10574,0.979
322,0.984
2031,0.992
7502,0.976
6779,1.0
813,0.987
2528,0.995
11186,0.995
6388,0.982
10970,0.997
10162,0.986
5274,0.989
1079,0.99
2226,0.988
9691,0.985
10895,0.989
7991,0.978
2705,0.989
8934,0.979
6860,0.983
1164,1.0
3261,0.999
6058,0.998
9290,0.993
1450,0.98
4229,0.976
3862,0.988
2936,0.989
9639,0.98
3917,0.994
5487,0.986
8939,0.98
9723,0.989
1723,0.984
8797,0.99
6433,0.987
4056,0.983
11346,0.987
2999,0.996
10372,0.983
11574,0.987
1231,0.981
1514,0.987
2313,0.998
1451,0.98
6365,0.98
8191,0.975
10169,0.986
4321,0.987
8014,0.981
838,0.99
11829,0.989
11250,0.977
3899,0.992
10135,0.983
3567,0.981
11052,0.981
5452,0.982
3087,0.98
7719,1.0
10309,0.976
4546,0.986
4692,0.976
1714,0.983
4270,0.981
339,0.986
8873,0.998
4086,0.987
11302,0.982
9707,0.987
10240,0.994
588,0.988
3365,0.984
2670,0.985
5515,0.989
3589,0.983
34,0.978
28,0.978
2395,0.981
6403,0.984
6458,0.99
5506,0.988
7194,0.994
2170,0.982
7362,0.987
7825,0.986
889,0.995
3878,0.989
3322,0.98
11211,0.998
3514,0.975
6325,0.975
9950,0.988
5673,0.981
7690,0.997
3733,0.999
8151,0.996
11293,0.981
9090,0.997
4528,0.984
1654,0.976
7384,0.989
7954,1.0
223,0.999
10283,0.999
10915,0.991
6347,0.978
5982,0.989
4239,0.978
5882,0.978
1590,0.995
8373,0.995
3256,0.998
7566,0.983
6832,0.98
2181,0.983
7195,0.994
8922,0.978
7602,0.987
7085,0.982
9022,0.989
8909,0.976
4817,0.99
6862,0.983
9675,0.984
1209,0.979
8660,0.975
421,0.995
10431,0.99
1706,0.982
1158,0.999
2306,0.997
273,0.979
171,0.994
3956,0.998
5606,0.999
9289,0.993
4865,0.995
6957,0.994
3188,0.991
1725,0.984
6143,0.981
8106,0.991
1564,0.992
1782,0.991
843,0.99
11152,0.992
6391,0.983
904,0.997
3494,0.999
11540,0.983
7328,0.983
1547,0.99
2080,0.998
9117,1.0
10542,0.976
6431,0.987
3985,0.975
8634,0.998
7515,0.978
10444,0.991
8759,0.986
9777,0.995
4677,1.0
3820,0.983
5209,0.981
2646,0.983
6377,0.981
9145,0.977
7310,0.981
256,0.977
9051,0.992
4350,0.99
8425,0.975
8799,0.99
5923,0.983
2155,0.98
8720,0.981
10602,0.983
3715,0.997
4057,0.983
8736,0.983
9893,0.982
3622,0.987
5648,0.978
6392,0.983
3102,0.981
558,0.985
6611,0.981
6641,0.984
1436,0.978
507,0.979
5275,0.989
4472,0.977
1869,1.0
5663,0.98
6386,0.982
5930,0.983
8344,0.992
755,0.98
11347,0.987
7773,0.98
4050,0.983
7536,0.98
3836,0.985
4386,0.994
8362,0.994
2118,0.976
9199,0.983
729,0.978
501,0.978
6193,0.987
643,0.994
11027,0.978
1539,0.99
10260,0.997
1211,0.979
8810,0.991
10876,0.987
672,0.997
4915,0.975
6187,0.986
3377,0.986
4476,0.978
5615,1.0
10482,0.995
1464,0.981
4745,0.982
10855,0.985
1192,0.977
3793,0.98
1872,0.975
3590,0.983
3158,0.987
9638,0.979
505,0.979
243,0.976
5678,0.981
506,0.979
11401,0.993
8851,0.996
10693,0.993
9799,0.997
6690,0.99
7157,0.99
1773,0.99
9309,0.995
8109,0.992
10023,0.996
9750,0.992
797,0.985
3618,0.987
2381,0.979
2829,0.977
7107,0.984
11118,0.988
10427,0.989
4633,0.995
312,0.983
746,0.979
3569,0.981
790,0.984
2476,0.99
6120,0.979
6857,0.982
11127,0.989
2570,1.0
5753,0.99
7589,0.986
10310,0.976
8282,0.985
7474,0.999
4355,0.99
2163,0.981
9205,0.983
8596,0.994
380,0.991
10858,0.985
1292,0.988
1912,0.979
11678,0.998
599,0.989
3892,0.991
4141,0.993
5540,0.992
1652,0.976
7496,0.975
9408,0.98
1893,0.977
1944,0.983
3395,0.988
7852,0.989
4362,0.991
11655,0.996
375,0.99
1966,0.985
3957,0.998
10466,0.993
4423,0.998
5351,0.997
5696,0.983
1243,0.983
8235,0.98
9624,0.978
6452,0.989
7402,0.991
7592,0.986
1471,0.982
3346,0.982
4522,0.983
2657,0.984
2853,0.98
4506,0.981
11308,0.983
10717,0.995
11662,0.996
4045,0.982
4062,0.984
5326,0.994
10263,0.997
9003,0.987
6875,0.984
4306,0.985
5139,1.0
6984,0.997
9198,0.983
8696,0.979
3990,0.976
1049,0.987
3823,0.983
7649,0.992
9560,0.997
2035,0.993
4039,0.981
7507,0.977
7439,0.995
11162,0.993
1972,0.986
7478,0.999
2099,1.0
1499,0.985
5205,0.981
3512,0.975
8986,0.985
652,0.995
170,0.993
4085,0.986
242,0.975
9421,0.981
5798,0.995
10999,0.975
4371,0.992
1644,0.975
5594,0.998
2756,0.995
11463,1.0
8974,0.984
9083,0.996
5231,0.984
2076,0.997
4103,0.988
11406,0.994
3996,0.977
4801,0.988
5968,0.988
9318,0.996
7015,1.0
7308,0.981
8288,0.985
6899,0.987
11183,0.995
9867,0.979
7672,0.995
5849,1.0
6592,0.979
7370,0.987
9921,0.985
4661,0.998
4078,0.986
6054,0.997
10076,0.976
5974,0.988
640,0.994
1270,0.986
9287,0.992
2778,0.997
8957,0.982
4932,0.977
6060,0.998
1985,0.987
3861,0.988
3480,0.997
1534,0.989
325,0.985
5764,0.991
2338,1.0
3980,0.975
8970,0.983
7113,0.985
4054,0.983
2237,0.989
5229,0.984
10837,0.983
4571,0.988
11537,0.982
5474,0.985
11478,0.976
864,0.993
8138,0.995
4942,0.978
7895,0.994
6010,0.992
11546,0.983
371,0.99
8568,0.991
11045,0.98
9920,0.985
6969,0.995
10393,0.985
8326,0.99
11077,0.983
9332,0.997
11509,0.979
7933,0.998
5830,0.998
2364,0.977
3213,0.994
5456,0.983
911,0.998
10783,0.977
10402,0.986
3789,0.98
8751,0.985
10223,0.992
5581,0.997
7246,1.0
9366,0.975
8354,0.993
5060,0.991
1423,0.977
11699,1.0
479,0.976
662,0.996
6414,0.985
10710,0.995
9694,0.986
2988,0.995
1119,0.995
2776,0.997
4535,0.984
10591,0.981
7964,0.975
8488,0.982
9868,0.979
8821,0.993
7319,0.982
5573,0.996
6135,0.98
5269,0.988
4427,0.998
10888,0.988
5247,0.986
6847,0.981
3981,0.975
8608,0.995
11359,0.989
2893,0.984
2669,0.985
3977,1.0
7549,0.981
279,0.98
9422,0.981
8872,0.998
8827,0.993
9057,0.993
5197,0.98
4664,0.999
1694,0.981
10626,0.985
5018,0.986
6133,0.98
3479,0.997
5554,0.994
4416,0.997
11106,0.987
4155,0.994
4883,0.997
5807,0.996
3809,0.982
7640,0.991
10275,0.998
9518,0.992
4296,0.984
7666,0.994
4683,0.975
10041,0.998
8854,0.996
6940,0.992
5593,0.998
2209,0.986
9415,0.981
8630,0.997
5402,0.977
7882,0.992
4563,0.988
184,0.995
10355,0.981
11747,0.98
4516,0.982
2350,0.976
553,0.984
1397,1.0
1384,0.998
6798,0.976
11440,0.998
5856,0.975
4903,0.999
297,0.982
443,0.998
11030,0.978
5215,0.982
9260,0.989
11374,0.99
2077,0.997
6017,0.993
4751,0.982
9537,0.994
2229,0.988
2842,0.978
2537,0.996
194,0.996
9895,0.982
10792,0.978
817,0.987
3367,0.985
6429,0.987
2578,0.975
1131,0.996
6845,0.981
5505,0.988
10742,0.998
9147,0.977
9234,0.987
320,0.984
1371,0.997
4042,0.982
11138,0.99
7826,0.986
907,0.997
305,0.982
3950,0.997
5529,0.991
6754,0.997
10600,0.982
8847,0.996
7130,0.987
8999,0.986
8439,0.976
11268,0.979
926,0.999
244,0.976
15,0.976
143,0.99
5983,0.989
2363,0.977
8760,0.986
129,0.989
1161,1.0
8303,0.987
11685,0.999
7420,0.993
8692,0.978
7391,0.99
7219,0.997
5458,0.983
6800,0.976
5308,0.992
1876,0.975
2488,0.991
10599,0.982
4479,0.978
1182,0.976
2525,0.995
8816,0.992
1170,0.975
10364,0.982
2182,0.983
11387,0.992
9660,0.982
8764,0.986
9468,0.987
3371,0.985
9672,0.983
1859,0.999
10512,0.999
6840,0.981
7606,0.988
1878,0.975
6965,0.994
3588,0.983
8062,0.986
3121,0.983
387,0.992
1311,0.99
1032,0.985
9553,0.996
7772,0.98
6382,0.982
11206,0.998
8339,0.991
4936,0.977
931,1.0
7090,0.982
4019,0.979
691,0.999
7621,0.989
5987,0.99
6364,0.98
1909,0.979
829,0.989
3498,0.999
2081,0.998
10625,0.985
11264,0.978
44,0.979
3939,0.996
11013,0.976
6929,0.99
4319,0.986
2965,0.992
3969,1.0
1187,0.976
10678,0.991
7615,0.989
7344,0.985
9152,0.977
284,0.98
10582,0.98
6308,0.999
4159,0.995
3092,0.98
8169,0.998
4556,0.987
8124,0.993
11468,0.975
4323,0.987
7887,0.993
9621,0.978
3364,0.984
1404,0.975
3195,0.992
9371,0.976
7356,0.986
969,0.978
10691,0.992
3734,0.999
925,0.999
11330,0.985
10823,0.981
4725,0.98
8067,0.987
2851,0.979
9837,0.976
7428,0.994
5956,0.986
519,0.98
10573,0.979
9535,0.994
4471,0.977
9614,0.977
4348,0.99
10707,0.994
9591,1.0
3626,0.987
1789,0.991
9878,0.98
2059,0.995
9019,0.989
9749,0.992
4013,0.978
6006,0.992
1902,0.978
6215,0.989
4686,0.975
7990,0.978
4922,0.975
10945,0.995
7492,0.975
8998,0.986
75,0.983
2345,0.975
6447,0.989
11785,0.984
430,0.996
4586,0.99
5483,0.986
7076,0.981
8166,0.998
10662,0.989
11382,0.991
9737,0.99
9157,0.978
1553,0.991
5874,0.977
240,0.975
783,0.984
9923,0.985
3066,0.977
11638,0.994
977,0.979
4905,1.0
6264,0.995
8949,0.981
5695,0.983
2941,0.989
10728,0.997
7707,0.999
6775,0.999
7767,0.98
9626,0.978
1620,0.999
5642,0.977
11924,0.999
2146,0.979
1801,0.993
2095,0.999
9712,0.988
9497,0.99
1357,0.995
11707,0.975
8814,0.992
9970,0.99
6854,0.982
7839,0.988
3565,0.981
11845,0.991
10465,0.993
7800,0.983
1609,0.997
3096,0.981
7931,0.998
2415,0.983
2017,0.991
2971,0.993
6424,0.986
4125,0.991
5846,1.0
5375,1.0
11694,1.0
11437,0.997
3246,0.997
124,0.988
1106,0.993
11141,0.99
10854,0.985
840,0.99
6394,0.983
9398,0.979
5649,0.978
10919,0.992
3341,0.982
598,0.989
2123,0.976
5512,0.989
8371,0.995
9393,0.978
8552,0.989
9073,0.995
11529,0.982
5999,0.991
2197,0.985
4051,0.983
1216,0.98
3362,0.984
2501,0.992
725,0.977
7061,0.979
978,0.979
808,0.986
7261,0.975
1475,0.982
9546,0.995
6733,0.995
10124,0.981
4906,1.0
8516,0.985
10769,0.975
4930,0.976
4542,0.985
3962,0.999
9266,0.99
2671,0.985
7028,0.975
1235,0.982
1225,0.981
1764,0.989
8548,0.988
7600,0.987
6888,0.986
8022,0.982
6723,0.994
3217,0.994
5737,0.988
287,0.98
7188,0.993
2966,0.992
3164,0.988
8391,0.997
10601,0.982
1657,0.977
1975,0.986
2397,0.981
452,0.999
2710,0.99
10924,0.992
10659,0.989
3681,0.994
422,0.995
8413,0.999
5316,0.993
657,0.996
3301,0.977
8278,0.984
2845,0.979
4066,0.984
9354,1.0
5244,0.985
1001,0.982
4198,0.999
2418,0.983
875,0.994
11364,0.989
3847,0.986
961,0.977
1580,0.994
10021,0.996
7251,1.0
2206,0.986
4266,0.981
8337,0.991
11836,0.99
4231,0.977
757,0.981
4866,0.995
5406,0.977
5313,0.993
2284,0.994
8828,0.993
7816,0.985
5507,0.988
5309,0.992
8951,0.981
4827,0.991
7252,1.0
8253,0.982
807,0.986
3907,0.993
6141,0.981
7379,0.988
9489,0.989
1956,0.984
2445,0.986
11467,0.975
9742,0.991
9487,0.989
10296,0.975
2402,0.981
10118,0.981
1073,0.99
10303,0.975
3398,0.988
4240,0.978
6524,0.997
5436,0.981
7505,0.976
10141,0.983
2091,0.999
4527,0.984
11927,1.0
1698,0.981
9810,0.999
10005,0.994
9305,0.994
6768,0.999
8947,0.981
1003,0.982
10846,0.984
9929,0.986
9033,0.99
4651,0.997
9974,0.991
7624,0.99
6156,0.983
1485,0.984
11416,0.995
5368,0.999
1411,0.975
6289,0.997
11254,0.977
10829,0.982
7701,0.998
709,0.975
7053,0.978
3603,0.985
985,0.98
3076,0.978
6169,0.984
9159,0.978
8332,0.99
6713,0.992
5077,0.993
4101,0.988
10807,0.979
2722,0.991
11168,0.993
1268,0.985
2462,0.988
7834,0.987
268,0.978
3580,0.982
4750,0.982
7676,0.995
11797,0.985
8550,0.989
7371,0.988
8788,0.989
2821,0.976
7794,0.983
589,0.988
8359,0.993
10713,0.995
7932,0.998
656,0.995
9684,0.985
9449,0.984
2037,0.993
10415,0.988
8640,0.999
3758,0.976
6151,0.982
7525,0.979
2028,0.992
8931,0.979
677,0.998
9887,0.981
1232,0.981
5454,0.983
7601,0.987
9316,0.996
7209,0.996
4856,0.994
8404,0.998
2432,0.985
8581,0.992
8460,0.979
4647,0.997
8534,0.987
9237,0.987
896,0.996
1611,0.998
1587,0.995
6686,0.989
7008,0.999
7900,0.994
1719,0.984
9934,0.986
9414,0.981
3806,0.981
8396,0.997
7940,0.999
4701,0.977
3961,0.999
7771,0.98
5557,0.994
5564,0.995
9269,0.99
10090,0.978
6087,0.975
890,0.995
9068,0.994
10737,0.998
4006,0.978
4939,0.977
9473,0.987
7303,0.98
5898,0.98
6173,0.984
9006,0.987
5819,0.997
8917,0.977
8215,0.977
2799,1.0
8532,0.987
584,0.987
3268,1.0
3932,0.995
4965,0.98
1260,0.985
8351,0.992
6199,0.987
6692,0.99
310,0.983
1716,0.983
7078,0.981
6009,0.992
2052,0.995
8313,0.988
4668,0.999
4298,0.984
6646,0.985
3783,0.979
1008,0.983
9953,0.988
2185,0.983
3623,0.987
11676,0.998
8849,0.996
11543,0.983
9720,0.989
11070,0.983
4834,0.992
4059,0.984
4756,0.983
7272,0.977
90,0.985
1987,0.987
470,0.975
1326,0.992
8028,0.983
9593,1.0
2117,0.976
2937,0.989
888,0.995
983,0.98
9023,0.989
7620,0.989
10256,0.996
2925,0.988
7717,1.0
3214,0.994
5884,0.978
2341,0.975
10734,0.997
7876,0.992
9345,0.999
8501,0.983
10165,0.986
7019,1.0
627,0.992
7855,0.989
4947,0.978
5080,0.993
4244,0.978
7879,0.992
4765,0.984
1601,0.996
11502,0.979
1269,0.986
128,0.989
9543,0.995
8314,0.988
1711,0.983
4182,0.997
8679,0.977
4235,0.977
7444,0.996
2398,0.981
10671,0.99
11883,0.995
7791,0.982
8417,1.0
11113,0.987
1186,0.976
8394,0.997
11683,0.999
11594,0.989
1977,0.986
5314,0.993
11798,0.985
4247,0.978
9458,0.985
915,0.998
1305,0.99
9035,0.99
3049,0.975
7803,0.984
6653,0.986
11357,0.988
1273,0.986
5698,0.984
6945,0.992
9679,0.984
2796,0.999
6797,0.976
1398,1.0
6615,0.982
3358,0.984
183,0.995
8075,0.988
11012,0.976
9609,0.976
7626,0.99
3563,0.98
9043,0.991
6513,0.996
4567,0.988
9150,0.977
6603,0.98
11870,0.993
2656,0.984
9898,0.982
4305,0.985
1961,0.984
4992,0.983
4891,0.998
6138,0.981
5815,0.997
5869,0.977
8629,0.997
6395,0.983
11307,0.983
6226,0.99
9000,0.987
11901,0.997
8475,0.98
1251,0.984
3176,0.989
5072,0.992
3359,0.984
7174,0.992
7844,0.988
9261,0.99
8739,0.984
10720,0.996
3289,0.976
10762,1.0
10416,0.988
3190,0.991
8097,0.99
8977,0.984
1051,0.987
4069,0.985
7278,0.977
3218,0.994
7958,0.975
272,0.979
2042,0.993
4763,0.984
7255,0.975
11510,0.979
7585,0.985
1086,0.991
1473,0.982
8604,0.995
7838,0.987
10937,0.994
2186,0.983
10563,0.978
4322,0.987
9015,0.988
9502,0.99
5831,0.998
8027,0.982
7908,0.995
8177,0.999
8494,0.982
4709,0.978
11801,0.986
9717,0.988
10270,0.998
10330,0.978
3478,0.997
9112,0.999
3924,0.995
1748,0.987
732,0.978
2553,0.998
7822,0.986
11480,0.976
8836,0.994
8524,0.986
2662,0.984
7792,0.982
8272,0.984
3113,0.982
3303,0.978
6250,0.993
1344,0.994
10493,0.996
1690,0.98
7191,0.994
8710,0.98
5048,0.989
7223,0.997
3308,0.978
1504,0.986
10917,0.992
1806,0.993
3871,0.989
7698,0.998
3791,0.98
5217,0.982
9726,0.989
11356,0.988
1067,0.989
9118,1.0
11323,0.985
8065,0.987
2696,0.988
6451,0.989
1848,0.998
4512,0.982
8889,1.0
11018,0.977
2431,0.985
7475,0.999
4660,0.998
6622,0.982
3435,0.992
10477,0.995
11190,0.996
142,0.99
8385,0.996
5586,0.997
10455,0.992
6992,0.997
10546,0.976
7930,0.998
6804,0.977
6749,0.996
6100,0.976
5290,0.99
11862,0.993
3409,0.989
1117,0.995
7890,0.993
1756,0.988
497,0.978
10590,0.981
9773,0.994
870,0.993
3357,0.984
912,0.998
721,0.977
2805,1.0
11861,0.992
886,0.995
11451,0.999
8775,0.988
9909,0.984
10407,0.987
1520,0.987
10368,0.983
2746,0.994
8126,0.993
3545,0.978
314,0.983
1799,0.992
327,0.985
8143,0.995
4204,1.0
5850,0.975
6129,0.98
5447,0.982
3129,0.984
1996,0.988
8877,0.999
3968,0.999
9733,0.99
8756,0.985
1973,0.986
336,0.986
2764,0.996
9451,0.985
275,0.979
2985,0.994
11535,0.982
4620,0.994
6531,0.998
3477,0.997
7516,0.978
3558,0.98
9364,0.975
2809,0.975
10865,0.986
4861,0.995
2334,1.0
8665,0.975
5246,0.985
3416,0.99
307,0.983
3908,0.993
9079,0.995
348,0.987
5918,0.982
826,0.988
5296,0.991
11335,0.986
9603,0.976
4482,0.979
8765,0.986
3682,0.994
8309,0.988
9993,0.993
2053,0.995
7775,0.98
11466,0.975
71,0.982
7893,0.994
6855,0.982
10849,0.984
11362,0.989
6751,0.997
9055,0.993
9746,0.991
9735,0.99
10804,0.979
5356,0.998
1666,0.978
5570,0.995
8498,0.983
52,0.98
7696,0.998
6263,0.994
1445,0.979
7499,0.976
9220,0.985
8060,0.986
1695,0.981
2892,0.984
11930,1.0
1574,0.993
11123,0.988
3203,0.992
4405,0.996
1630,1.0
10033,0.997
1881,0.976
11834,0.989
5112,0.997
5708,0.985
5074,0.992
5509,0.989
10523,1.0
8008,0.98
848,0.991
2924,0.987
8499,0.983
8301,0.987
2877,0.982
6367,0.98
11449,0.999
186,0.995
3779,0.978
1830,0.996
7281,0.978
2959,0.991
7185,0.993
11209,0.998
9188,0.981
6904,0.988
5446,0.982
6587,0.978
1234,0.982
8368,0.994
3915,0.994
446,0.998
8864,0.997
5839,0.999
844,0.99
5201,0.98
10484,0.995
10045,0.999
7413,0.992
7749,0.978
2440,0.986
3103,0.981
10234,0.994
4774,0.985
9306,0.995
6974,0.995
6094,0.976
1294,0.988
11724,0.977
5518,0.99
11869,0.993
5067,0.992
3442,0.993
10066,0.975
9215,0.984
9939,0.987
2837,0.978
776,0.983
11593,0.989
11078,0.983
6324,0.975
2153,0.98
5558,0.994
4920,0.975
7689,0.997
11325,0.985
7926,0.997
3136,0.985
10046,0.999
5462,0.983
9378,0.977
9671,0.983
3183,0.99
9906,0.983
1943,0.982
9496,0.99
3199,0.992
9060,0.993
1289,0.988
4581,0.99
6335,0.976
2500,0.992
10653,0.988
11386,0.992
10496,0.997
4106,0.989
4126,0.991
9783,0.996
6933,0.991
3966,0.999
1879,0.975
11404,0.994
11091,0.985
7760,0.979
5457,0.983
9436,0.983
3587,0.983
10483,0.995
3865,0.988
2148,0.979
4131,0.992
1036,0.986
636,0.993
7216,0.996
7897,0.994
4134,0.992
7660,0.994
1083,0.991
6711,0.992
861,0.992
5212,0.982
903,0.997
191,0.996
109,0.987
6026,0.994
4455,0.976
1942,0.982
7590,0.986
4331,0.988
10559,0.978
10182,0.988
5927,0.983
2040,0.993
9255,0.989
10258,0.996
9957,0.989
4878,0.997
4659,0.998
8168,0.998
5001,0.984
2775,0.997
4145,0.993
2323,0.999
762,0.981
5921,0.982
2617,0.979
2411,0.982
1094,0.992
6065,0.998
7265,0.976
1546,0.99
4589,0.99
6034,0.995
11298,0.982
6953,0.993
3135,0.985
8139,0.995
5040,0.989
10991,1.0
5428,0.98
6523,0.997
6419,0.986
9210,0.984
3805,0.981
884,0.995
2654,0.983
8197,0.975
10968,0.997
6774,0.999
10472,0.994
11001,0.975
464,1.0
1257,0.984
9426,0.982
9943,0.987
4274,0.981
7074,0.981
5192,0.979
5630,0.976
11558,0.985
6231,0.991
7382,0.989
5300,0.991
2202,0.985
10643,0.987
9855,0.978
1262,0.985
7665,0.994
7212,0.996
975,0.979
8559,0.99
5866,0.976
4925,0.976
941,0.975
5263,0.987
6582,0.978
4723,0.979
2387,0.98
11608,0.99
5021,0.986
7129,0.987
4391,0.994
5148,0.975
9969,0.99
6803,0.976
3221,0.994
3882,0.99
7872,0.991
11262,0.978
1610,0.997
3875,0.989
5953,0.986
2789,0.998
944,0.975
10622,0.985
1857,0.999
10340,0.979
4108,0.989
5213,0.982
10794,0.978
3255,0.998
7323,0.982
2690,0.987
10990,1.0
7389,0.99
4627,0.995
8916,0.977
1319,0.991
9038,0.991
11791,0.985
5162,0.976
10491,0.996
10057,1.0
10696,0.993
1135,0.997
4529,0.984
3475,0.997
3505,1.0
4749,0.982
2477,0.99
11309,0.983
8076,0.988
7086,0.982
8798,0.99
9265,0.99
4501,0.981
7670,0.995
11774,0.983
6336,0.977
8735,0.983
6982,0.996
7231,0.998
10130,0.982
1874,0.975
11246,0.976
10447,0.991
11377,0.991
5096,0.995
2904,0.985
570,0.986
1448,0.979
3414,0.99
9629,0.978
939,0.975
11837,0.99
8731,0.983
7945,0.999
10866,0.986
5841,1.0
6837,0.98
9480,0.988
3226,0.995
11625,0.992
6332,0.976
3978,0.975
4383,0.994
5834,0.999
10822,0.981
9144,0.977
3539,0.978
10830,0.982
10682,0.991
10603,0.983
9462,0.986
5681,0.982
2827,0.977
5780,0.993
3634,0.988
4996,0.984
1338,0.993
3262,0.999
8631,0.998
6838,0.98
5089,0.994
5741,0.988
650,0.995
6039,0.996
2902,0.985
2258,0.991
11809,0.987
5395,0.976
7082,0.981
9292,0.993
8462,0.979
3521,0.976
2730,0.992
9298,0.994
4478,0.978
5660,0.979
1596,0.996
67,0.982
2584,0.976
7798,0.983
6281,0.996
3196,0.992
11177,0.994
5327,0.994
9464,0.986
7706,0.999
1258,0.984
11788,0.984
6350,0.978
10157,0.985
7523,0.978
991,0.981
3504,1.0
113,0.987
919,0.999
2509,0.993
11220,0.999
165,0.993
6741,0.996
7553,0.982
10186,0.988
9807,0.998
4603,0.992
8791,0.989
10140,0.983
949,0.976
4594,0.991
9682,0.984
3770,0.977
2506,0.993
5107,0.996
2850,0.979
6000,0.991
8698,0.979
11908,0.998
7691,0.997
9915,0.984
4446,0.975
5794,0.994
9702,0.987
4460,0.976
11300,0.982
2505,0.993
9039,0.991
6623,0.982
1114,0.994
6942,0.992
10006,0.994
298,0.982
1675,0.979
3347,0.982
6170,0.984
2735,0.992
5669,0.98
11414,0.995
4988,0.983
10725,0.996
2378,0.979
7431,0.994
7425,0.994
11630,0.993
4325,0.987
4172,0.996
11675,0.998
4550,0.986
7724,0.975
10420,0.988
9551,0.996
2103,1.0
5336,0.995
8257,0.982
3759,0.976
9405,0.98
1837,0.997
9590,1.0
9910,0.984
11282,0.98
5710,0.985
607,0.99
4500,0.981
7036,0.976
1093,0.992
7779,0.981
6718,0.993
10520,0.999
10686,0.992
4487,0.979
160,0.992
203,0.997
6483,0.993
3940,0.996
11277,0.98
6103,0.977
4933,0.977
2934,0.989
1814,0.994
2435,0.985
1230,0.981
10974,0.998
10043,0.998
3046,0.975
5705,0.984
11521,0.981
10426,0.989
10821,0.981
7545,0.981
3988,0.976
4251,0.979
6111,0.978
6828,0.979
9211,0.984
11736,0.979
6204,0.988
3293,0.976
4034,0.981
2725,0.991
4290,0.983
4334,0.988
2552,0.998
3877,0.989
6205,0.988
7784,0.981
8069,0.987
6879,0.985
7485,1.0
4753,0.983
4886,0.997
857,0.992
370,0.99
6539,0.999
9978,0.991
2561,0.999
3801,0.981
2640,0.982
5455,0.983
8023,0.982
4490,0.979
2347,0.975
649,0.995
6859,0.983
2781,0.998
8102,0.991
10184,0.988
10351,0.981
8171,0.998
7207,0.995
5944,0.985
8200,0.976
615,0.991
10063,0.975
2575,0.975
53,0.98
8528,0.986
3340,0.982
9065,0.994
1705,0.982
10800,0.979
9425,0.982
8883,1.0
1493,0.984
5876,0.977
11889,0.996
8077,0.988
803,0.986
4953,0.979
1812,0.994
9103,0.998
990,0.981
2774,0.997
9381,0.977
2448,0.987
3513,0.975
9069,0.994
10009,0.995
219,0.999
7942,0.999
1288,0.988
3163,0.988
4678,1.0
2618,0.979
3612,0.986
43,0.979
9549,0.996
8874,0.999
8730,0.983
3792,0.98
3571,0.981
11909,0.998
1503,0.986
7965,0.976
11730,0.978
7596,0.987
3439,0.993
1892,0.977
11499,0.978
11124,0.989
9066,0.994
5255,0.986
1955,0.984
11239,0.975
5167,0.977
4814,0.989
3575,0.982
6460,0.99
1505,0.986
9705,0.987
670,0.997
6491,0.994
7048,0.978
9784,0.996
10621,0.985
1085,0.991
897,0.996
3306,0.978
7914,0.996
6239,0.992
2666,0.985
7646,0.992
3193,0.991
2890,0.984
6003,0.992
7739,0.976
9115,0.999
8455,0.978
2621,0.98
11249,0.976
6202,0.988
9221,0.985
11214,0.999
8361,0.994
5813,0.996
2,0.975
5970,0.988
2370,0.978
3804,0.981
1769,0.989
10137,0.983
8398,0.998
6079,1.0
531,0.982
10592,0.981
10316,0.977
6476,0.992
6977,0.996
10633,0.986
10105,0.979
3120,0.983
10754,0.999
6259,0.994
731,0.978
3406,0.989
2339,1.0
5991,0.99
6328,0.976
2798,0.999
8281,0.985
2565,1.0
2581,0.975
9755,0.992
8859,0.997
9566,0.997
7856,0.989
383,0.991
10699,0.993
11297,0.982
1255,0.984
2104,1.0
11087,0.984
9902,0.983
11410,0.994
10911,0.991
4994,0.983
10692,0.993
8948,0.981
5057,0.99
658,0.996
4434,0.999
3484,0.998
11326,0.985
5318,0.993
3816,0.983
6773,0.999
8193,0.975
10617,0.984
2546,0.997
7952,1.0
6479,0.992
1621,0.999
11242,0.976
7260,0.975
3904,0.992
1847,0.998
10616,0.984
1096,0.992
6811,0.977
8614,0.996
10979,0.998
11313,0.984
5499,0.988
11031,0.978
2463,0.988
10538,0.975
3700,0.996
6684,0.989
10061,1.0
11725,0.977
1788,0.991
250,0.976
7704,0.999
6314,1.0
9286,0.992
3645,0.99
1776,0.99
192,0.996
820,0.988
11488,0.977
10679,0.991
9171,0.98
8180,0.999
8740,0.984
4400,0.995
9070,0.994
5388,0.975
4166,0.995
8223,0.978
11164,0.993
4951,0.979
2687,0.987
4390,0.994
8295,0.986
3388,0.987
4927,0.976
8876,0.999
5552,0.993
2607,0.978
9334,0.998
238,0.975
4015,0.979
11050,0.98
2977,0.993
11433,0.997
11188,0.996
8745,0.984
11820,0.988
5473,0.985
945,0.976
9656,0.981
9463,0.986
5097,0.995
10576,0.98
6055,0.997
6473,0.992
8923,0.978
8246,0.981
3552,0.979
11896,0.996
3360,0.984
7342,0.984
7959,0.975
5628,0.976
2410,0.982
7751,0.978
5783,0.993
4507,0.981
10081,0.977
3982,0.975
8252,0.981
146,0.991
8153,0.996
6901,0.987
10480,0.995
2294,0.995
8241,0.98
2253,0.991
7178,0.992
3611,0.986
5353,0.997
1736,0.985
8298,0.987
9450,0.985
114,0.987
10894,0.989
6126,0.979
8099,0.99
11304,0.983
9904,0.983
498,0.978
7081,0.981
6559,0.975
6378,0.981
4733,0.98
720,0.977
7581,0.985
4384,0.994
10548,0.977
10370,0.983
5725,0.987
3089,0.98
9164,0.979
9186,0.981
484,0.976
4545,0.986
596,0.989
10838,0.983
8441,0.976
11165,0.993
5164,0.976
10903,0.99
1647,0.976
4590,0.991
7539,0.98
8997,0.986
6815,0.978
2700,0.989
9308,0.995
1700,0.981
10661,0.989
5404,0.977
9182,0.981
2773,0.997
2942,0.989
6968,0.995
6557,0.975
8388,0.997
6219,0.99
2512,0.994
86,0.984
7593,0.986
2308,0.997
2677,0.986
9787,0.996
9764,0.993
10437,0.99
2594,0.977
11436,0.997
9663,0.982
1029,0.985
136,0.99
6972,0.995
1236,0.982
7024,0.975
6240,0.992
8478,0.981
2854,0.98
4409,0.996
7529,0.979
1200,0.978
6121,0.979
4717,0.979
11353,0.988
7556,0.982
8781,0.988
566,0.985
10877,0.987
5933,0.984
5430,0.98
5868,0.977
6296,0.998
3927,0.995
6195,0.987
8416,1.0
11283,0.98
8111,0.992
8763,0.986
9515,0.992
3606,0.985
11884,0.995
9859,0.978
2330,0.999
3515,0.975
2187,0.984
195,0.996
9885,0.981
8117,0.992
5059,0.991
802,0.986
7762,0.979
5715,0.986
10906,0.99
2668,0.985
11472,0.975
6598,0.98
241,0.975
2068,0.996
9491,0.989
8229,0.979
10435,0.99
644,0.994
11286,0.981
5103,0.996
5460,0.983
7205,0.995
1637,1.0
7552,0.982
120,0.988
5873,0.977
2981,0.994
5069,0.992
3074,0.978
10644,0.987
7296,0.979
3278,0.975
7131,0.987
8003,0.98
2135,0.978
9690,0.985
4970,0.981
8506,0.984
134,0.989
4351,0.99
7381,0.989
6915,0.989
5324,0.994
8360,0.993
11504,0.979
8486,0.981
2559,0.999
7829,0.986
62,0.981
9460,0.986
9501,0.99
11873,0.994
1358,0.995
8746,0.984
8657,1.0
11266,0.978
3697,0.995
2467,0.989
679,0.998
2041,0.993
741,0.979
5307,0.992
6266,0.995
8881,0.999
3641,0.989
444,0.998
9728,0.989
11107,0.987
3258,0.999
4663,0.999
1873,0.975
4744,0.982
2596,0.977
1717,0.983
2912,0.986
2843,0.978
4027,0.98
5488,0.986
10295,1.0
8024,0.982
7786,0.982
4485,0.979
2556,0.999
11032,0.978
6864,0.983
489,0.977
493,0.977
690,0.999
10027,0.997
3821,0.983
602,0.989
1911,0.979
1014,0.983
8470,0.98
869,0.993
1993,0.988
2434,0.985
3757,0.976
6647,0.985
10152,0.985
2366,0.977
7610,0.988
5283,0.99
4370,0.992
2686,0.987
1573,0.993
1361,0.996
10083,0.977
1526,0.988
1327,0.992
1629,1.0
11623,0.992
1551,0.991
8546,0.988
11559,0.985
1337,0.993
3901,0.992
3010,0.997
5041,0.989
10528,1.0
2250,0.991
8950,0.981
9850,0.977
5039,0.988
2346,0.975
11072,0.983
5485,0.986
10577,0.98
2784,0.998
5694,0.983
5119,0.997
5166,0.977
5555,0.994
5599,0.999
1134,0.997
150,0.991
2804,1.0
368,0.989
2086,0.998
3751,0.975
5612,1.0
2259,0.992
4017,0.979
8454,0.978
1064,0.989
2424,0.984
4138,0.992
3856,0.987
859,0.992
5367,0.999
2962,0.992
8089,0.989
8090,0.989
9790,0.996
9248,0.988
11544,0.983
4739,0.981
10244,0.995
4462,0.976
8091,0.99
5528,0.991
10115,0.98
1364,0.996
10539,0.976
1779,0.99
8302,0.987
4785,0.986
2101,1.0
1818,0.995
369,0.99
4937,0.977
2704,0.989
5285,0.99
175,0.994
6405,0.984
9676,0.984
7071,0.98
9344,0.999
2093,0.999
11452,0.999
10133,0.982
3491,0.998
7817,0.985
1920,0.98
82,0.984
7331,0.983
7304,0.98
816,0.987
10254,0.996
1091,0.992
4396,0.995
2928,0.988
5568,0.995
283,0.98
6124,0.979
4120,0.99
9509,0.991
609,0.99
2915,0.986
1813,0.994
1271,0.986
2994,0.995
11055,0.981
6409,0.985
2642,0.982
11117,0.988
2305,0.997
10191,0.989
10439,0.99
4195,0.999
9964,0.99
3849,0.986
11749,0.98
10010,0.995
11421,0.996
3554,0.979
2195,0.984
2600,0.977
6163,0.983
1518,0.987
8771,0.987
6309,1.0
5755,0.99
5633,0.976
11099,0.986
7162,0.99
9027,0.99
10768,0.975
1988,0.987
7737,0.976
517,0.98
6160,0.983
8961,0.982
10826,0.981
9634,0.979
8649,1.0
4456,0.976
2761,0.995
6481,0.993
5911,0.981
10764,0.975
6547,1.0
4855,0.994
7644,0.992
10567,0.979
6358,0.979
2438,0.985
3765,0.977
6432,0.987
7846,0.988
8517,0.985
10698,0.993
6340,0.977
4821,0.99
18,0.977
3560,0.98
3951,0.998
49,0.98
11810,0.987
887,0.995
6261,0.994
7236,0.999
6989,0.997
6043,0.996
3168,0.989
2949,0.99
1424,0.977
139,0.99
3197,0.992
5131,0.999
112,0.987
8160,0.997
10349,0.98
4559,0.987
4595,0.991
4690,0.976
7951,1.0
3277,0.975
4068,0.985
4408,0.996
8482,0.981
10237,0.994
451,0.999
7262,0.975
3731,0.999
7256,0.975
10673,0.99
4986,0.983
3663,0.992
2763,0.996
9213,0.984
1855,0.999
999,0.982
389,0.992
6426,0.987
1476,0.983
2240,0.989
10898,0.989
8112,0.992
992,0.981
7032,0.976
4997,0.984
3922,0.994
2972,0.993
6871,0.984
9025,0.989
4769,0.984
1293,0.988
4173,0.996
2535,0.996
10889,0.988
1907,0.978
9892,0.982
11324,0.985
6033,0.995
7619,0.989
1151,0.998
1567,0.993
3171,0.989
7106,0.984
4160,0.995
4287,0.983
2230,0.988
174,0.994
1903,0.978
10298,0.975
3408,0.989
1538,0.989
2292,0.995
1363,0.996
4357,0.991
5260,0.987
8928,0.979
10392,0.985
680,0.998
9445,0.984
3664,0.992
1661,0.977
508,0.979
166,0.993
9886,0.981
9951,0.988
7365,0.987
1914,0.979
7263,0.976
11495,0.978
11632,0.993
7361,0.986
1104,0.993
9369,0.976
5310,0.993
11565,0.986
5754,0.99
152,0.991
9488,0.989
5679,0.982
11514,0.98
3551,0.979
3722,0.998
4538,0.985
8904,0.976
1991,0.988
10501,0.997
5141,1.0
3811,0.982
10381,0.984
3450,0.994
4591,0.991
7352,0.985
205,0.997
6680,0.989
2749,0.994
1849,0.998
11583,0.988
3240,0.997
9486,0.989
3109,0.982
5934,0.984
5810,0.996
5634,0.977
4307,0.985
3156,0.987
6534,0.999
10362,0.982
9890,0.981
3832,0.984
10388,0.985
4776,0.985
7997,0.979
4276,0.982
8845,0.995
11448,0.999
278,0.979
6771,0.999
7415,0.992
3252,0.998
8538,0.987
11213,0.998
289,0.981
3075,0.978
8643,0.999
8463,0.979
270,0.979
4570,0.988
10464,0.993
6696,0.991
4316,0.986
3180,0.99
1422,0.977
8275,0.984
9433,0.983
4557,0.987
7812,0.985
6297,0.998
11781,0.984
11567,0.986
1132,0.996
6242,0.992
9071,0.994
11173,0.994
7423,0.993
8704,0.98
8973,0.984
5520,0.99
10378,0.984
8962,0.982
3786,0.979
9479,0.988
8345,0.992
2161,0.981
3008,0.997
1105,0.993
8824,0.993
692,0.999
4956,0.979
8307,0.988
4369,0.992
2765,0.996
3929,0.995
9125,1.0
11722,0.977
7778,0.981
628,0.992
2451,0.987
3824,0.983
10704,0.994
3743,1.0
2176,0.982
6689,0.99
3318,0.979
8674,0.976
7432,0.994
2787,0.998
1196,0.977
1676,0.979
3947,0.997
7618,0.989
4444,1.0
5722,0.986
10108,0.98
2369,0.978
4967,0.98
2217,0.987
8148,0.996
3326,0.98
8875,0.999
3583,0.983
11661,0.996
11723,0.977
3619,0.987
6217,0.989
2468,0.989
8277,0.984
10091,0.978
5973,0.988
3667,0.992
5158,0.976
7594,0.986
6976,0.996
3423,0.991
8199,0.976
2409,0.982
3212,0.993
5366,0.999
10973,0.998
6593,0.979
2895,0.984
10434,0.99
10986,0.999
3642,0.989
8812,0.992
10008,0.995
11560,0.985
10688,0.992
11821,0.988
5451,0.982
7160,0.99
7866,0.991
2743,0.993
4958,0.979
6474,0.992
7888,0.993
492,0.977
1116,0.995
5637,0.977
10471,0.994
11778,0.983
8855,0.996
10265,0.997
6589,0.979
10812,0.98
7557,0.982
9552,0.996
5241,0.985
11022,0.977
2783,0.998
11412,0.995
1696,0.981
5685,0.982
2295,0.996
5939,0.984
7763,0.979
3313,0.979
4781,0.986
8350,0.992
9575,0.998
7605,0.988
215,0.998
6707,0.992
9836,0.975
10891,0.989
3483,0.998
7006,0.999
5102,0.995
6599,0.98
3764,0.977
6410,0.985
11794,0.985
25,0.977
7659,0.994
11577,0.987
11210,0.998
10277,0.998
6683,0.989
9818,0.999
9230,0.986
11511,0.98
9883,0.981
1102,0.993
3276,0.975
5345,0.996
10819,0.981
8386,0.996
8678,0.977
11925,1.0
2207,0.986
4552,0.986
4402,0.996
7395,0.99
3718,0.998
972,0.979
4579,0.989
6516,0.997
719,0.976
6155,0.982
11762,0.981
2803,1.0
2566,1.0
4025,0.98
6198,0.987
8224,0.978
10534,0.975
4063,0.984
2792,0.999
2222,0.987
5818,0.997
3866,0.988
8650,1.0
10331,0.978
3227,0.995
4214,0.975
3923,0.994
8926,0.978
1401,1.0
7703,0.998
4979,0.982
3253,0.998
10290,1.0
2661,0.984
2158,0.98
8578,0.992
8088,0.989
674,0.997
9095,0.997
7011,1.0
10884,0.988
3841,0.985
1815,0.994
9932,0.986
11739,0.979
2100,1.0
10507,0.998
6708,0.992
1673,0.978
4213,0.975
8695,0.979
1548,0.991
8644,0.999
8547,0.988
5184,0.979
1461,0.981
11198,0.997
3220,0.994
10923,0.992
7170,0.991
7430,0.994
1751,0.987
3976,1.0
8353,0.993
1772,0.989
2016,0.991
2005,0.989
3893,0.991
3237,0.996
4424,0.998
8588,0.993
2257,0.991
4072,0.985
5574,0.996
11341,0.987
5355,0.998
8418,1.0
6093,0.976
7935,0.998
9673,0.983
1519,0.987
9763,0.993
1378,0.998
5672,0.981
2587,0.976
11650,0.995
5621,0.975
9843,0.976
9834,0.975
5842,1.0
7122,0.986
5832,0.999
4888,0.998
5904,0.981
522,0.981
8043,0.984
3607,0.985
234,0.975
3796,0.98
6318,0.975
7094,0.983
1948,0.983
6361,0.979
6091,0.975
10834,0.982
2224,0.988
5571,0.996
4523,0.983
5793,0.994
11026,0.978
5738,0.988
2624,0.98
4728,0.98
7818,0.985
11830,0.989
10873,0.987
10413,0.988
2437,0.985
6056,0.997
6352,0.978
3167,0.988
1809,0.994
9668,0.983
7161,0.99
5086,0.994
9623,0.978
7016,1.0
9321,0.996
4945,0.978
6046,0.996
11043,0.98
6919,0.989
5590,0.998
7226,0.997
1228,0.981
9212,0.984
6846,0.981
8244,0.981
6555,0.975
159,0.992
1589,0.995
11742,0.979
11315,0.984
11294,0.981
11132,0.989
6687,0.99
11145,0.991
10436,0.99
7480,1.0
11046,0.98
1556,0.991
2828,0.977
436,0.997
5789,0.994
9745,0.991
1588,0.995
7398,0.991
2780,0.997
10709,0.994
5686,0.982
3965,0.999
4727,0.98
1238,0.982
2951,0.99
8726,0.982
9241,0.987
1497,0.985
6465,0.991
7355,0.986
7823,0.986
7547,0.981
7913,0.996
10210,0.991
5185,0.979
5647,0.978
11207,0.998
5242,0.985
2130,0.977
2092,0.999
5409,0.978
187,0.995
7938,0.999
3655,0.991
3426,0.991
9170,0.979
1381,0.998
9336,0.998
8605,0.995
7427,0.994
5037,0.988
4897,0.999
3175,0.989
9528,0.993
8448,0.977
11811,0.987
10029,0.997
2235,0.989
8068,0.987
4236,0.977
8871,0.998
11590,0.988
24,0.977
3363,0.984
1088,0.991
8733,0.983
10918,0.992
2841,0.978
7537,0.98
7470,0.999
11115,0.988
4152,0.994
695,1.0
10944,0.995
6337,0.977
1227,0.981
1999,0.989
276,0.979
5929,0.983
2953,0.991
3637,0.989
3906,0.993
4778,0.985
5845,1.0
11571,0.986
4117,0.99
1137,0.997
2767,0.996
8182,1.0
9482,0.988
7661,0.994
8890,1.0
2490,0.991
11550,0.984
7742,0.977
3935,0.996
2384,0.979
8016,0.981
7084,0.982
115,0.987
1863,1.0
3119,0.983
4258,0.98
11010,0.976
2819,0.976
9116,0.999
9577,0.999
10835,0.982
4699,0.977
3802,0.981
6068,0.999
3536,0.977
3825,0.984
6642,0.985
10307,0.976
1946,0.983
10410,0.987
10469,0.994
9948,0.988
7269,0.976
9330,0.997
7929,0.998
7166,0.991
6963,0.994
5867,0.976
4761,0.984
882,0.995
557,0.984
11822,0.988
1207,0.979
7684,0.996
9240,0.987
6538,0.999
3211,0.993
3630,0.988
1708,0.982
8458,0.978
1140,0.997
3162,0.988
6207,0.988
3730,0.999
2660,0.984
1307,0.99
2567,1.0
2834,0.977
11419,0.995
2151,0.98
11882,0.995
3835,0.985
11568,0.986
9166,0.979
9808,0.998
5004,0.985
6626,0.983
1627,0.999
9559,0.997
11703,0.975
358,0.988
138,0.99
8491,0.982
382,0.991
10308,0.976
4857,0.994
11084,0.984
1439,0.978
946,0.976
5498,0.987
4916,0.975
8556,0.989
1932,0.981
2352,0.976
3236,0.996
11474,0.975
3807,0.982
1936,0.982
10618,0.984
4154,0.994
2416,0.983
10341,0.98
6139,0.981
785,0.984
6789,0.975
8036,0.983
8315,0.988
11287,0.981
5668,0.98
2172,0.982
2169,0.982
6628,0.983
4009,0.978
4340,0.989
910,0.998
6268,0.995
2309,0.997
6591,0.979
4458,0.976
7597,0.987
9190,0.982
11133,0.99
4652,0.997
6218,0.989
442,0.998
3415,0.99
10428,0.989
9165,0.979
9370,0.976
5744,0.989
1054,0.988
3699,0.996
929,1.0
6468,0.991
8767,0.987
1829,0.996
9247,0.988
11612,0.991
2011,0.99
913,0.998
7611,0.988
10514,0.999
9209,0.984
2606,0.978
4928,0.976
6564,0.976
9722,0.989
6,0.975
7835,0.987
6583,0.978
3361,0.984
10445,0.991
1635,1.0
1141,0.997
359,0.988
2070,0.997
3134,0.985
5160,0.976
6990,0.997
3243,0.997
2242,0.99
1474,0.982
10239,0.994
3259,0.999
4020,0.979
10533,0.975
8566,0.99
3500,0.999
2658,0.984
10075,0.976
1130,0.996
1819,0.995
7461,0.998
9379,0.977
9346,0.999
9751,0.992
7064,0.979
4318,0.986
4669,0.999
5476,0.985
11737,0.979
10782,0.977
1856,0.999
2282,0.994
10374,0.983
4008,0.978
6401,0.984
11843,0.99
11058,0.981
386,0.991
1628,0.999
10811,0.98
11121,0.988
7718,1.0
9185,0.981
11895,0.996
1842,0.997
2497,0.992
201,0.997
9592,1.0
3868,0.988
5054,0.99
5889,0.979
2702,0.989
7922,0.997
331,0.985
3808,0.982
935,1.0
1774,0.99
9410,0.98
8611,0.995
10908,0.991
989,0.98
5443,0.981
9946,0.988
6993,0.998
10193,0.989
5806,0.996
10423,0.989
10781,0.976
6574,0.977
3052,0.976
10302,0.975
8365,0.994
4615,0.993
3321,0.98
9084,0.996
6246,0.993
6048,0.997
3311,0.978
9302,0.994
11189,0.996
8210,0.977
3628,0.988
10570,0.979
1356,0.995
5002,0.984
9284,0.992
5823,0.998
11336,0.986
5670,0.981
3112,0.982
182,0.995
10565,0.978
855,0.992
10056,1.0
4912,1.0
10183,0.988
1800,0.993
11038,0.979
5482,0.986
9944,0.987
1968,0.985
9937,0.987
9729,0.99
4697,0.976
4987,0.983
4650,0.997
1159,0.999
9258,0.989
1325,0.992
9402,0.979
4796,0.987
6796,0.976
5808,0.996
11775,0.983
1455,0.98
5410,0.978
8333,0.99
2800,1.0
7616,0.989
10670,0.99
7815,0.985
4378,0.993
8921,0.978
9520,0.992
6716,0.993
3736,1.0
2261,0.992
7429,0.994
4005,0.978
2394,0.981
1185,0.976
2007,0.99
193,0.996
8770,0.987
5525,0.99
771,0.982
1478,0.983
1846,0.998
3740,1.0
7986,0.978
405,0.994
11379,0.991
10195,0.989
6317,1.0
6581,0.978
1447,0.979
342,0.987
7468,0.998
727,0.977
4577,0.989
3516,0.975
10604,0.983
9632,0.979
7156,0.99
7851,0.989
1348,0.994
660,0.996
1492,0.984
10168,0.986
5154,0.975
11430,0.997
2524,0.995
11415,0.995
10102,0.979
5374,1.0
3198,0.992
5717,0.986
9104,0.998
10850,0.984
9815,0.999
8259,0.982
9601,0.975
40,0.979
11071,0.983
6816,0.978
9187,0.981
9744,0.991
2723,0.991
10955,0.996
10226,0.993
11616,0.991
7155,0.99
11484,0.977
11361,0.989
7230,0.998
5075,0.992
7880,0.992
5394,0.976
10197,0.99
7789,0.982
11140,0.99
4088,0.987
1967,0.985
10718,0.995
10500,0.997
11443,0.998
6999,0.998
423,0.996
11054,0.981
11339,0.986
10228,0.993
6142,0.981
5661,0.98
9031,0.99
4596,0.991
2659,0.984
141,0.99
2597,0.977
6701,0.991
1377,0.998
3674,0.993
11808,0.987
6362,0.979
11170,0.994
4741,0.981
1138,0.997
7374,0.988
1787,0.991
9589,1.0
4646,0.997
7568,0.983
459,1.0
6115,0.978
8179,0.999
948,0.976
6370,0.98
4628,0.995
7358,0.986
5925,0.983
6040,0.996
441,0.998
6659,0.986
8831,0.994
9046,0.992
3830,0.984
11208,0.998
6144,0.981
10790,0.977
6344,0.977
1958,0.984
155,0.992
9517,0.992
4578,0.989
1089,0.992
6049,0.997
10920,0.992
9122,1.0
7950,1.0
1674,0.979
6763,0.998
9995,0.993
6416,0.985
11408,0.994
2326,0.999
7096,0.983
10241,0.994
9403,0.979
6450,0.989
1715,0.983
9172,0.98
8381,0.996
3831,0.984
6299,0.998
3348,0.983
11354,0.988
9177,0.98
587,0.988
11358,0.989
2990,0.995
11069,0.982
9443,0.984
10580,0.98
264,0.978
9428,0.982
6788,0.975
10151,0.984
3864,0.988
6274,0.996
11695,1.0
3711,0.997
8438,0.976
1529,0.988
10978,0.998
923,0.999
9389,0.978
7329,0.983
4364,0.991
669,0.997
3604,0.985
5108,0.996
10739,0.998
5248,0.986
7183,0.993
2591,0.976
5906,0.981
6509,0.996
7133,0.987
2307,0.997
8804,0.991
3690,0.995
687,0.999
612,0.991
7167,0.991
9438,0.983
3200,0.992
6629,0.983
4135,0.992
1898,0.977
282,0.98
258,0.977
11244,0.976
4943,0.978
2822,0.976
3525,0.976
11523,0.981
5223,0.983
2285,0.994
6063,0.998
8078,0.988
4654,0.998
5000,0.984
6710,0.992
11126,0.989
8676,0.977
5416,0.978
475,0.975
2555,0.998
8087,0.989
7,0.975
6411,0.985
10928,0.993
10630,0.986
5546,0.993
2426,0.984
6744,0.996
11486,0.977
2274,0.993
9203,0.983
1577,0.994
7264,0.976
3970,1.0
5879,0.978
10044,0.999
11317,0.984
7193,0.994
3867,0.988
11234,0.975
6823,0.979
7548,0.981
781,0.983
1749,0.987
6519,0.997
5774,0.992
2324,0.999
5055,0.99
10752,0.999
1727,0.984
610,0.99
4666,0.999
5413,0.978
8103,0.991
8174,0.999
8535,0.987
3750,0.975
97,0.985
6985,0.997
3137,0.985
1537,0.989
3648,0.99
1517,0.987
11157,0.992
4624,0.994
6566,0.976
2090,0.999
7097,0.983
6171,0.984
7521,0.978
572,0.986
10815,0.98
3062,0.977
597,0.989
6633,0.984
11248,0.976
7875,0.992
7345,0.985
6304,0.999
11218,0.999
11263,0.978
5976,0.989
8562,0.99
1938,0.982
8100,0.991
1753,0.987
3670,0.992
9594,0.975
2361,0.977
4260,0.98
5432,0.98
6285,0.997
9412,0.98
11292,0.981
9367,0.975
10203,0.99
9891,0.982
5591,0.998
1171,0.975
7927,0.997
9611,0.976
11158,0.992
9658,0.982
11606,0.99
874,0.994
2297,0.996
11098,0.986
2643,0.982
5347,0.997
9032,0.99
11853,0.992
581,0.987
204,0.997
7896,0.994
2014,0.99
905,0.997
631,0.993
8461,0.979
9947,0.988
1974,0.986
162,0.993
4998,0.984
4713,0.978
9067,0.994
1431,0.978
6868,0.984
10897,0.989
7710,0.999
7736,0.976
4283,0.982
7531,0.979
11764,0.982
3384,0.987
11674,0.998
9700,0.986
11033,0.978
7462,0.998
3331,0.981
6404,0.984
8895,0.975
2096,0.999
10018,0.996
7999,0.979
5017,0.986
8738,0.983
1449,0.98
6900,0.987
2610,0.979
1900,0.978
8186,1.0
3920,0.994
2757,0.995
6397,0.983
10337,0.979
2097,1.0
8329,0.99
11275,0.979
5624,0.975
9028,0.99
3471,0.996
8266,0.983
2171,0.982
11011,0.976
10952,0.995
8590,0.993
2010,0.99
11681,0.998
1283,0.987
11455,0.999
1019,0.984
8667,0.976
2810,0.975
10291,1.0
1651,0.976
11471,0.975
1169,1.0
6256,0.994
5469,0.984
10414,0.988
867,0.993
5093,0.994
5433,0.98
541,0.983
9324,0.997
11738,0.979
6354,0.979
11137,0.99
3390,0.987
9598,0.975
11852,0.991
3959,0.998
6643,0.985
6841,0.981
9884,0.981
3586,0.983
9641,0.98
2563,0.999
5036,0.988
1080,0.991
5891,0.979
4966,0.98
2023,0.991
10715,0.995
7909,0.995
10405,0.987
7321,0.982
226,1.0
1013,0.983
1929,0.981
10219,0.992
5251,0.986
2179,0.983
697,1.0
1124,0.995
7378,0.988
10377,0.984
5110,0.996
7902,0.995
1778,0.99
11100,0.986
2634,0.981
7544,0.981
7604,0.987
3489,0.998
1037,0.986
9756,0.993
8505,0.984
2649,0.983
2979,0.994
2547,0.998
5132,0.999
2159,0.98
9114,0.999
6445,0.989
3967,0.999
1428,0.977
10035,0.998
2520,0.995
8033,0.983
10293,1.0
11779,0.983
448,0.998
10116,0.981
5995,0.991
9587,1.0
3727,0.999
7353,0.986
8553,0.989
6279,0.996
10660,0.989
7295,0.979
6251,0.993
5926,0.983
2460,0.988
22,0.977
2066,0.996
1653,0.976
8894,0.975
8706,0.98
1376,0.997
1724,0.984
3754,0.976
8652,1.0
4183,0.997
4082,0.986
8474,0.98
6579,0.978
4558,0.987
3537,0.978
7003,0.999
11299,0.982
11378,0.991
8789,0.989
646,0.994
6381,0.982
7527,0.979
11570,0.986
7165,0.991
9529,0.993
7697,0.998
11223,1.0
4875,0.996
10245,0.995
5341,0.996
7031,0.976
2160,0.981
685,0.999
2461,0.988
7128,0.987
6267,0.995
4941,0.978
5946,0.985
4583,0.99
5784,0.993
7569,0.984
10158,0.985
521,0.98
8714,0.981
10651,0.988
3983,0.975
11407,0.994
780,0.983
9804,0.998
5607,1.0
5978,0.989
8843,0.995
3747,0.975
2196,0.985
8561,0.99
11795,0.985
4285,0.983
8569,0.991
6979,0.996
1827,0.996
9154,0.978
11542,0.983
2376,0.979
8551,0.989
3839,0.985
1246,0.983
7504,0.976
6511,0.996
5439,0.981
11025,0.978
8964,0.983
11597,0.989
5510,0.989
5330,0.995
4531,0.984
365,0.989
11912,0.998
147,0.991
1668,0.978
10549,0.977
7650,0.993
8599,0.994
7788,0.982
3456,0.995
3271,1.0
4940,0.977
9223,0.985
6230,0.991
10620,0.985
9678,0.984
9047,0.992
3926,0.995
10327,0.978
8080,0.988
78,0.983
7088,0.982
2247,0.99
9844,0.976
11868,0.993
9880,0.98
7451,0.996
8980,0.984
2279,0.994
8123,0.993
3897,0.992
9615,0.977
7177,0.992
9312,0.995
11281,0.98
3631,0.988
10282,0.999
6272,0.995
8616,0.996
392,0.992
3191,0.991
16,0.976
4200,0.999
2672,0.985
6164,0.983
3493,0.999
7394,0.99
4839,0.992
593,0.988
11664,0.997
8737,0.983
5827,0.998
7961,0.975
5887,0.979
2355,0.976
6036,0.995
4798,0.988
10311,0.976
4592,0.991
8656,1.0
163,0.993
11049,0.98
11256,0.977
11665,0.997
7380,0.989
11880,0.995
6356,0.979
9092,0.997
5542,0.992
6007,0.992
7993,0.979
7638,0.991
6793,0.975
7758,0.979
4837,0.992
2293,0.995
6548,1.0
7898,0.994
4481,0.978
3716,0.997
6140,0.981
1549,0.991
2044,0.994
767,0.982
5693,0.983
7870,0.991
7857,0.99
3302,0.977
4517,0.982
10820,0.981
9642,0.98
3292,0.976
9011,0.988
1403,1.0
1382,0.998
6928,0.99
5671,0.981
1638,0.975
11688,0.999
6907,0.988
8591,0.993
6406,0.984
9074,0.995
1179,0.976
5448,0.982
5078,0.993
8648,0.999
5175,0.978
689,0.999
10560,0.978
6525,0.998
11717,0.976
6488,0.993
7154,0.989
10037,0.998
6610,0.981
10213,0.991
4349,0.99
1884,0.976
10304,0.975
2494,0.992
5947,0.985
3036,1.0
5777,0.992
845,0.99
8734,0.983
7967,0.976
10111,0.98
7340,0.984
11385,0.992
9875,0.98
7137,0.988
2964,0.992
2529,0.996
5772,0.992
1048,0.987
7045,0.977
1960,0.984
2530,0.996
8429,0.975
4917,0.975
9325,0.997
5901,0.98
8286,0.985
4259,0.98
10221,0.992
5656,0.979
6097,0.976
5907,0.981
7373,0.988
2978,0.993
10569,0.979
11095,0.985
6721,0.993
7842,0.988
8264,0.983
10462,0.993
3138,0.985
8325,0.99
11847,0.991
1826,0.995
5548,0.993
8785,0.989
560,0.985
10506,0.998
8435,0.976
5435,0.98
4437,1.0
8597,0.994
1442,0.979
8453,0.978
4406,0.996
11372,0.99
1689,0.98
11777,0.983
10723,0.996
5962,0.987
2496,0.992
9801,0.998
340,0.986
2408,0.982
9958,0.989
5782,0.993
4576,0.989
3725,0.998
2785,0.998
9715,0.988
1012,0.983
5280,0.989
4895,0.998
7121,0.986
6549,1.0
4037,0.981
148,0.991
285,0.98
11518,0.98
8555,0.989
10022,0.996
9732,0.99
6770,0.999
4443,1.0
7446,0.996
236,0.975
11442,0.998
7123,0.986
9956,0.989
3083,0.979
632,0.993
6813,0.978
2493,0.992
2665,0.985
10121,0.981
10189,0.989
10038,0.998
10097,0.978
4211,1.0
9686,0.985
3874,0.989
9424,0.982
2817,0.976
9849,0.977
11710,0.976
10708,0.994
7426,0.994
10255,0.996
10100,0.979
10976,0.998
1735,0.985
7397,0.99
4255,0.979
11274,0.979
2475,0.99
11913,0.998
3713,0.997
10705,0.994
1804,0.993
707,0.975
11805,0.986
5189,0.979
5472,0.985
72,0.983
7843,0.988
5101,0.995
6764,0.998
9382,0.977
1125,0.996
1241,0.982
9833,0.975
2349,0.976
6602,0.98
6780,1.0
9769,0.994
4358,0.991
1343,0.994
11918,0.999
10356,0.981
11427,0.996
8632,0.998
6652,0.986
1100,0.993
9160,0.978
8841,0.995
9738,0.991
7327,0.983
7622,0.989
987,0.98
2852,0.979
8853,0.996
630,0.993
1249,0.983
3179,0.99
482,0.976
9776,0.995
9654,0.981
3040,1.0
5010,0.985
10417,0.988
7000,0.998
3273,1.0
7227,0.998
3683,0.994
6674,0.988
6807,0.977
11618,0.991
1316,0.991
3225,0.995
1072,0.99
4815,0.99
10078,0.976
5752,0.99
10905,0.99
4616,0.993
3097,0.981
11253,0.977
6869,0.984
1300,0.989
7285,0.978
6284,0.997
5495,0.987
5291,0.99
9600,0.975
1798,0.992
9667,0.983
5203,0.981
8227,0.979
5047,0.989
6441,0.988
8636,0.998
8105,0.991
2359,0.977
11192,0.996
3654,0.991
7052,0.978
1286,0.987
10881,0.988
4445,1.0
2137,0.978
6787,0.975
11634,0.993
10144,0.984
10689,0.992
6894,0.987
10215,0.992
8564,0.99
7151,0.989
963,0.978
6012,0.993
4882,0.997
140,0.99
10765,0.975
8906,0.976
6936,0.991
6542,0.999
5243,0.985
4431,0.999
9966,0.99
406,0.994
8212,0.977
9196,0.982
9979,0.991
10286,0.999
9135,0.976
8234,0.979
4399,0.995
5252,0.986
11,0.976
4760,0.983
1177,0.975
2863,0.981
6471,0.992
6228,0.991
9218,0.985
2989,0.995
9153,0.978
7117,0.985
7010,0.999
10201,0.99
8927,0.978
1440,0.979
11628,0.993
2875,0.982
9108,0.999
10845,0.984
10487,0.996
7232,0.998
3726,0.999
2772,0.997
9816,0.999
454,0.999
9013,0.988
8189,1.0
1367,0.996
3712,0.997
11757,0.981
1388,0.999
9042,0.991
1000,0.982
7761,0.979
3553,0.979
4114,0.99
9829,0.975
1667,0.978
3173,0.989
9539,0.994
11212,0.998
488,0.977
3230,0.995
3828,0.984
10318,0.977
5208,0.981
7848,0.989
5704,0.984
11503,0.979
8133,0.994
703,0.975
5105,0.996
10607,0.983
3291,0.976
8125,0.993
9519,0.992
11492,0.977
10753,0.999
4909,1.0
4440,1.0
986,0.98
11878,0.994
10802,0.979
7705,0.999
6257,0.994
6089,0.975
5238,0.985
1198,0.978
9710,0.987
10810,0.98
7519,0.978
6812,0.977
9206,0.983
8320,0.989
9556,0.996
7175,0.992
4470,0.977
891,0.996
1969,0.985
5757,0.99
6527,0.998
6294,0.998
7595,0.986
9110,0.999
3249,0.998
6570,0.977
6638,0.984
7351,0.985
10936,0.994
9400,0.979
7473,0.999
10983,0.999
10346,0.98
1239,0.982
2289,0.995
2740,0.993
8467,0.979
4585,0.99
9227,0.986
1229,0.981
9200,0.983
6980,0.996
5178,0.978
4293,0.984
1058,0.988
6262,0.994
281,0.98
9235,0.987
9508,0.991
968,0.978
3953,0.998
1939,0.982
10085,0.977
1274,0.986
619,0.991
11175,0.994
1742,0.986
1390,0.999
2203,0.985
9771,0.994
9847,0.977
3568,0.981
6116,0.978
11897,0.996
6052,0.997
3178,0.99
3192,0.991
9499,0.99
6099,0.976
7029,0.976
575,0.986
6656,0.986
7115,0.985
10502,0.997
6276,0.996
9472,0.987
10712,0.995
5897,0.98
5724,0.987
269,0.978
629,0.992
3081,0.979
3466,0.996
6430,0.987
11109,0.987
7062,0.979
11605,0.99
5543,0.992
4356,0.991
10869,0.986
2113,0.975
8219,0.978
3216,0.994
3814,0.982
8321,0.989
10238,0.994
2278,0.994
4599,0.992
13,0.976
11005,0.975
1525,0.988
2365,0.977
4648,0.997
374,0.99
10155,0.985
6477,0.992
525,0.981
9131,0.975
6895,0.987
3591,0.984
7904,0.995
2958,0.991
529,0.981
3714,0.997
4732,0.98
9461,0.986
1394,0.999
9989,0.992
9633,0.979
5631,0.976
9465,0.986
6563,0.976
4703,0.977
1712,0.983
11639,0.994
955,0.977
6675,0.988
3453,0.994
9579,0.999
8595,0.994
2071,0.997
11620,0.992
158,0.992
7005,0.999
9094,0.997
352,0.988
6078,1.0
6236,0.991
8946,0.981
11905,0.997
2920,0.987
8503,0.983
4644,0.997
661,0.996
7057,0.979
3665,0.992
7979,0.977
306,0.983
4790,0.987
2356,0.976
1927,0.981
11135,0.99
3427,0.991
8941,0.98
3638,0.989
1266,0.985
1560,0.992
7179,0.992
4109,0.989
7867,0.991
4904,0.999
7294,0.979
514,0.98
894,0.996
8601,0.994
21,0.977
899,0.996
207,0.998
458,0.999
2430,0.985
8442,0.977
9299,0.994
3389,0.987
9905,0.983
3911,0.993
5383,0.975
8907,0.976
552,0.984
9631,0.979
3144,0.986
6917,0.989
2056,0.995
1925,0.98
634,0.993
6082,1.0
8508,0.984
11059,0.981
11549,0.984
8619,0.996
10243,0.995
105,0.986
3041,1.0
1709,0.982
89,0.984
7014,1.0
3174,0.989
917,0.998
7833,0.987
6732,0.995
1949,0.983
6368,0.98
1,0.975
8032,0.983
6047,0.996
9127,0.975
10989,1.0
2720,0.991
8783,0.988
11706,0.975
3117,0.983
11295,0.982
9768,0.994
3762,0.977
213,0.998
778,0.983
3496,0.999
11343,0.987
2043,0.994
8920,0.978
5420,0.979
6154,0.982
9759,0.993
8357,0.993
10390,0.985
8465,0.979
4167,0.996
3788,0.979
8586,0.993
583,0.987
11825,0.988
11915,0.998
116,0.987
6644,0.985
10766,0.975
11871,0.994
11652,0.995
10680,0.991
8712,0.981
1763,0.988
1875,0.975
3224,0.995
526,0.981
7725,0.975
2946,0.99
4473,0.978
5655,0.979
8884,1.0
6059,0.998
959,0.977
6342,0.977
3633,0.988
1050,0.987
8782,0.988
8711,0.98
3380,0.986
3676,0.993
5776,0.992
10779,0.976
6573,0.977
5179,0.978
1607,0.997
3610,0.986
11642,0.994
6635,0.984
11931,1.0
10001,0.994
791,0.984
8984,0.985
3056,0.976
10047,0.999
1980,0.987
3598,0.984
933,1.0
7424,0.993
5626,0.976
1682,0.979
4179,0.997
6446,0.989
4116,0.99
988,0.98
2896,0.984
3778,0.978
5658,0.979
3093,0.98
3155,0.987
1823,0.995
11483,0.976
1098,0.993
2844,0.979
9078,0.995
3342,0.982
38,0.979
6540,0.999
11155,0.992
8707,0.98
3356,0.983
9645,0.98
7813,0.985
9098,0.997
8220,0.978
11007,0.976
2428,0.984
5043,0.989
5346,0.997
8954,0.981
4811,0.989
8476,0.98
686,0.999
4799,0.988
7437,0.995
2353,0.976
6353,0.978
4569,0.988
8213,0.977
2752,0.994
9077,0.995
8073,0.988
9109,0.999
1040,0.986
7491,0.975
1265,0.985
11053,0.981
7059,0.979
277,0.979
5084,0.993
10276,0.998
9437,0.983
2382,0.979
571,0.986
1435,0.978
9439,0.983
5352,0.997
5445,0.982
1007,0.982
4543,0.985
10517,0.999
2064,0.996
1136,0.997
9882,0.981
5343,0.996
10177,0.987
294,0.981
9739,0.991
10204,0.99
8780,0.988
2403,0.982
3998,0.977
11228,1.0
3741,1.0
11002,0.975
2719,0.991
10977,0.998
5150,0.975
2808,0.975
9017,0.988
556,0.984
10642,0.987
4795,0.987
2469,0.989
3738,1.0
4286,0.983
9908,0.983
2604,0.978
362,0.989
6924,0.99
1704,0.982
2139,0.978
3239,0.996
2383,0.979
7314,0.981
4311,0.986
9477,0.988
1312,0.99
11243,0.976
3930,0.995
6183,0.986
1591,0.995
11200,0.997
2162,0.981
2396,0.981
317,0.984
9516,0.992
5233,0.984
5068,0.992
4036,0.981
8987,0.985
3020,0.998
9903,0.983
8228,0.979
9105,0.998
5295,0.991
3972,1.0
5370,0.999
4133,0.992
974,0.979
7291,0.979
9175,0.98
954,0.977
9610,0.976
9752,0.992
9547,0.995
11102,0.986
5016,0.986
11610,0.991
9179,0.98
7490,0.975
1640,0.975
1290,0.988
1380,0.998
1933,0.981
4675,1.0
10222,0.992
892,0.996
7287,0.978
4876,0.996
7906,0.995
8194,0.975
11721,0.977
10301,0.975
9041,0.991
2466,0.989
7657,0.993
10106,0.979
9788,0.996
1913,0.979
2736,0.993
726,0.977
7214,0.996
8245,0.981
1796,0.992
3845,0.986
6402,0.984
936,0.975
2265,0.992
824,0.988
7274,0.977
1389,0.999
3564,0.981
9076,0.995
5429,0.98
7827,0.986
5690,0.983
7878,0.992
1868,1.0
8202,0.976
7486,1.0
9655,0.981
806,0.986
4805,0.988
10527,1.0
10300,0.975
10913,0.991
11879,0.994
9155,0.978
7511,0.977
8056,0.986
4494,0.98
2632,0.981
10614,0.984
8896,0.975
8623,0.997
7832,0.987
4388,0.994
145,0.991
6467,0.991
2033,0.992
11800,0.986
1165,1.0
2050,0.994
3760,0.976
4435,0.999
3430,0.992
8190,0.975
10448,0.991
7069,0.98
4361,0.991
9454,0.985
1771,0.989
3511,0.975
271,0.979
8436,0.976
2032,0.992
9005,0.987
11532,0.982
3810,0.982
9996,0.993
4346,0.989
545,0.983
3241,0.997
8930,0.979
8502,0.983
9323,0.996
11832,0.989
7564,0.983
920,0.999
10872,0.987
6640,0.984
7694,0.997
8230,0.979
7126,0.986
4278,0.982
2983,0.994
130,0.989
7980,0.977
2667,0.985
7138,0.988
3223,0.995
9374,0.976
7693,0.997
5392,0.976
614,0.991
11816,0.987
1466,0.981
4497,0.98
3042,0.975
9126,0.975
2419,0.983
5085,0.994
3294,0.977
6737,0.995
1500,0.985
9018,0.989
1521,0.988
10871,0.986
4232,0.977
7686,0.997
8820,0.993
4430,0.999
390,0.992
11767,0.982
7124,0.986
5913,0.982
8592,0.993
4806,0.989
11094,0.985
8238,0.98
8044,0.984
11670,0.997
3993,0.976
11396,0.993
6609,0.981
5319,0.994
11743,0.979
7119,0.986
2421,0.984
5604,0.999
1750,0.987
10747,0.999
11595,0.989
338,0.986
8407,0.999
1341,0.994
11388,0.992
7982,0.977
3640,0.989
329,0.985
10531,0.975
3004,0.996
6960,0.994
4090,0.987
9828,0.975
2322,0.999
6667,0.987
7009,0.999
4197,0.999
3549,0.979
9650,0.981
8363,0.994
4203,1.0
11108,0.987
10654,0.988
6185,0.986
1639,0.975
9130,0.975
60,0.981
1240,0.982
5760,0.991
5136,0.999
2343,0.975
2120,0.976
1524,0.988
7617,0.989
153,0.992
481,0.976
6122,0.979
7674,0.995
7101,0.984
1762,0.988
8942,0.98
7715,1.0
9977,0.991
10825,0.981
7479,1.0
6212,0.989
4853,0.994
2711,0.99
6766,0.998
4150,0.994
1333,0.993
11225,1.0
8378,0.995
9328,0.997
11202,0.997
11582,0.987
10250,0.995
10875,0.987
3850,0.986
8340,0.991
4124,0.991
10685,0.992
4788,0.987
2866,0.981
1386,0.999
5941,0.985
3067,0.977
10798,0.978
3629,0.988
11929,1.0
10668,0.99
3028,0.999
2969,0.992
9900,0.983
8646,0.999
6136,0.98
8801,0.99
4263,0.98
645,0.994
11520,0.981
2074,0.997
341,0.986
8041,0.984
1622,0.999
7141,0.988
5796,0.995
7184,0.993
11128,0.989
8232,0.979
5475,0.985
10281,0.999
10367,0.982
11039,0.979
74,0.983
11807,0.986
10268,0.997
8633,0.998
11009,0.976
2051,0.994
2541,0.997
1301,0.989
5877,0.978
7368,0.987
1304,0.989
8428,0.975
10840,0.983
2599,0.977
2573,1.0
3186,0.991
2768,0.996
4831,0.991
4223,0.976
11516,0.98
2106,0.975
2679,0.986
1387,0.999
10648,0.988
11527,0.981
7083,0.982
1279,0.987
804,0.986
1555,0.991
11319,0.984
4566,0.988
11538,0.983
4841,0.992
3594,0.984
6035,0.995
6852,0.982
10112,0.98
8705,0.98
4177,0.997
1308,0.99
9106,0.998
3452,0.994
3695,0.995
4242,0.978
2198,0.985
8966,0.983
4425,0.998
6150,0.982
943,0.975
822,0.988
5005,0.985
6612,0.981
8356,0.993
5619,0.975
4547,0.986
2538,0.997
9503,0.99
5207,0.981
11350,0.988
10740,0.998
3054,0.976
3675,0.993
7776,0.981
7218,0.997
6722,0.993
3300,0.977
3310,0.978
7221,0.997
8519,0.985
5954,0.986
832,0.989
3462,0.995
11129,0.989
7643,0.992
54,0.981
3451,0.994
6305,0.999
10093,0.978
1481,0.983
4873,0.996
8038,0.984
3335,0.981
6016,0.993
4926,0.976
9138,0.976
5797,0.995
10353,0.981
11731,0.978
5083,0.993
6645,0.985
5490,0.987
768,0.982
2065,0.996
11334,0.986
7311,0.981
8477,0.98
11855,0.992
4524,0.983
10524,1.0
2717,0.99
2079,0.998
8914,0.977
951,0.976
8058,0.986
2482,0.99
10454,0.992
9181,0.981
1759,0.988
9984,0.992
4422,0.998
6704,0.991
9916,0.984
5182,0.978
8533,0.987
3701,0.996
4243,0.978
688,0.999
3432,0.992
4944,0.978
966,0.978
11316,0.984
10395,0.986
2713,0.99
4757,0.983
11390,0.992
6320,0.975
5975,0.988
3572,0.981
5299,0.991
1990,0.988
1205,0.978
4971,0.981
11604,0.99
6783,1.0
3600,0.985
6490,0.994
8609,0.995
11906,0.997
8070,0.987
8577,0.992
7973,0.976
11105,0.986
1625,0.999
536,0.982
8766,0.987
7970,0.976
4212,0.975
6456,0.99
3507,1.0
8393,0.997
9524,0.993
7112,0.985
2708,0.989
5031,0.988
6514,0.996
4662,0.999
4021,0.979
1854,0.999
11245,0.976
2872,0.982
3030,0.999
9397,0.979
1645,0.975
3417,0.99
3476,0.997
11397,0.993
1792,0.992
3797,0.98
3368,0.985
7196,0.994
11505,0.979
5109,0.996
6024,0.994
8795,0.99
11085,0.984
126,0.989
5959,0.987
3876,0.989
4451,0.975
7147,0.989
3531,0.977
827,0.988
9831,0.975
7790,0.982
984,0.98
7783,0.981
10380,0.984
11432,0.997
2443,0.986
8554,0.989
10541,0.976
345,0.987
814,0.987
6166,0.984
10832,0.982
5779,0.993
2116,0.976
10026,0.997
793,0.985
11865,0.993
6898,0.987
2674,0.986
94,0.985
4225,0.976
3756,0.976
2891,0.984
2371,0.978
11201,0.997
3228,0.995
7863,0.99
6359,0.979
11197,0.997
7326,0.983
6028,0.994
1865,1.0
4612,0.993
10049,0.999
2645,0.982
2243,0.99
5373,1.0
2336,1.0
950,0.976
1120,0.995
10789,0.977
2204,0.985
419,0.995
922,0.999
9446,0.984
8669,0.976
10227,0.993
5408,0.977
5788,0.994
5742,0.989
7667,0.994
5567,0.995
8135,0.994
1202,0.978
10818,0.981
5765,0.991
8389,0.997
1970,0.985
4018,0.979
10343,0.98
3687,0.994
1997,0.988
4033,0.981
1248,0.983
2192,0.984
2712,0.99
9184,0.981
2190,0.984
4670,0.999
5142,1.0
5984,0.989
6565,0.976
7804,0.984
6943,0.992
9510,0.991
10055,1.0
10535,0.975
10641,0.987
2136,0.978
1065,0.989
600,0.989
4227,0.976
10813,0.98
7577,0.984
77,0.983
7546,0.981
2898,0.985
4820,0.99
9506,0.991
11097,0.986
6413,0.985
9444,0.984
9064,0.994
8007,0.98
5468,0.984
5951,0.986
3391,0.987
5415,0.978
2560,0.999
11803,0.986
8162,0.997
2635,0.981
5256,0.987
3530,0.977
8567,0.99
1908,0.979
11048,0.98
235,0.975
1604,0.997
7984,0.978
9310,0.995
3490,0.998
11754,0.981
1994,0.988
2824,0.976
11075,0.983
10568,0.979
1342,0.994
8512,0.984
1619,0.998
5287,0.99
2060,0.995
11875,0.994
2219,0.987
9865,0.979
6038,0.995
260,0.977
11306,0.983
10231,0.993
9093,0.997
3744,0.975
2026,0.992
6988,0.997
4234,0.977
1917,0.98
1828,0.996
9765,0.994
6233,0.991
11136,0.99
6283,0.997
4208,1.0
224,0.999
8915,0.977
10002,0.994
9333,0.998
6469,0.991
11232,0.975
846,0.991
4289,0.983
5560,0.994
2551,0.998
117,0.988
8837,0.994
5966,0.987
8195,0.975
8659,0.975
7489,0.975
5,0.975
5342,0.996
9111,0.999
10787,0.977
4324,0.987
1063,0.989
2590,0.976
8434,0.976
9352,1.0
3735,1.0
10589,0.981
3517,0.975
6986,0.997
10755,1.0
6767,0.998
5622,0.975
1605,0.997
1733,0.985
10516,0.999
10901,0.99
11146,0.991
9504,0.991
3812,0.982
11485,0.977
10554,0.977
10167,0.986
1761,0.988
5401,0.977
2739,0.993
11493,0.978
2472,0.989
6738,0.995
6891,0.986
7943,0.999
9685,0.985
4206,1.0
6371,0.98
10350,0.981
9361,0.975
10348,0.98
232,1.0
8258,0.982
7561,0.983
9795,0.997
6168,0.984
3596,0.984
6288,0.997
4632,0.995
125,0.988
7641,0.992
6229,0.991
1296,0.989
1976,0.986
11311,0.983
11258,0.977
10267,0.997
5750,0.989
8152,0.996
3086,0.979
11065,0.982
6882,0.985
11101,0.986
7673,0.995
3345,0.982
8172,0.999
11240,0.975
5870,0.977
6506,0.995
2797,0.999
918,0.999
1646,0.975
5122,0.998
5126,0.998
4621,0.994
6809,0.977
364,0.989
2125,0.977
8150,0.996
8717,0.981
55,0.981
638,0.993
302,0.982
10958,0.996
5811,0.996
1276,0.986
10247,0.995
4432,0.999
3644,0.989
4143,0.993
2878,0.982
6493,0.994
10478,0.995
10453,0.992
5240,0.985
11224,1.0
10488,0.996
6937,0.991
7240,0.999
9945,0.988
10160,0.985
2593,0.977
2393,0.98
523,0.981
6376,0.981
6981,0.996
6677,0.988
3900,0.992
11496,0.978
5585,0.997
11169,0.994
7956,0.975
7570,0.984
6777,1.0
10161,0.986
671,0.997
4188,0.998
666,0.997
3266,0.999
1887,0.976
8472,0.98
9911,0.984
9091,0.997
7687,0.997
6031,0.995
6090,0.975
6238,0.992
7350,0.985
7830,0.987
760,0.981
6254,0.993
1906,0.978
3818,0.983
6269,0.995
4300,0.984
5569,0.995
7941,0.999
10785,0.977
4164,0.995
5971,0.988
3579,0.982
2832,0.977
5449,0.982
3472,0.996
6327,0.976
137,0.99
7043,0.977
4892,0.998
2180,0.983
10320,0.977
7730,0.975
3177,0.99
4854,0.994
4637,0.996
5115,0.997
11907,0.998
7648,0.992
4261,0.98
1331,0.992
10209,0.991
10674,0.991
7002,0.999
9550,0.996
6941,0.992
8017,0.981
6241,0.992
9521,0.992
11916,0.999
6881,0.985
10342,0.98
4530,0.984
10314,0.977
4673,1.0
6996,0.998
1252,0.984
3374,0.985
2814,0.975
4719,0.979
6544,1.0
10040,0.998
4858,0.994
7901,0.994
8580,0.992
8427,0.975
1077,0.99
10176,0.987
4363,0.991
770,0.982
10357,0.981
8865,0.998
249,0.976
9766,0.994
7239,0.999
3419,0.99
10273,0.998
10015,0.995
4976,0.981
4544,0.985
5565,0.995
7939,0.999
716,0.976
11519,0.98
2048,0.994
5997,0.991
6600,0.98
7245,1.0
4178,0.997
4809,0.989
10916,0.991
11314,0.984
7140,0.988
7190,0.993
1460,0.981
5989,0.99
9860,0.978
10948,0.995
2000,0.989
8175,0.999
404,0.993
384,0.991
11273,0.979
11320,0.984
10344,0.98
1633,1.0
11400,0.993
4784,0.986
11285,0.98
6970,0.995
3925,0.995
4158,0.995
7449,0.996
8415,1.0
2193,0.984
10016,0.995
1015,0.983
5124,0.998
7418,0.993
7409,0.992
8989,0.985
2871,0.982
9,0.976
10136,0.983
1838,0.997
4804,0.988
255,0.977
7026,0.975
5713,0.985
3324,0.98
7714,1.0
1581,0.994
11148,0.991
924,0.999
2779,0.997
10700,0.993
7891,0.993
6132,0.98
5320,0.994
7312,0.981
7102,0.984
6042,0.996
3775,0.978
4835,0.992
4964,0.98
10971,0.998
539,0.982
7483,1.0
2745,0.994
3719,0.998
6819,0.978
9337,0.998
4468,0.977
667,0.997
7575,0.984
8549,0.988
5063,0.991
11023,0.977
10975,0.998
1353,0.995
7114,0.985
11660,0.996
8662,0.975
2703,0.989
3330,0.981
8053,0.985
9588,1.0
3584,0.983
11265,0.978
5645,0.978
3376,0.986
1256,0.984
6190,0.986
9442,0.984
5348,0.997
11003,0.975
11125,0.989
4175,0.996
4910,1.0
1852,0.998
6316,1.0
11760,0.981
2105,1.0
133,0.989
5029,0.987
928,1.0
823,0.988
7576,0.984
1531,0.989
1214,0.979
504,0.979
10188,0.989
6530,0.998
3072,0.978
10150,0.984
9576,0.999
9086,0.996
8647,0.999
6619,0.982
9273,0.991
3709,0.997
11438,0.997
4849,0.993
4748,0.982
4268,0.981
11789,0.984
8905,0.976
4186,0.998
10406,0.987
5301,0.992
2923,0.987
6588,0.979
1810,0.994
3486,0.998
7419,0.993
3141,0.986
10019,0.996
9347,0.999
1324,0.992
4312,0.986
7494,0.975
8702,0.979
9872,0.979
8691,0.978
11337,0.986
10048,0.999
9580,0.999
10578,0.98
5541,0.992
6172,0.984
1540,0.99
9409,0.98
2681,0.986
11793,0.985
11185,0.995
6313,1.0
1191,0.977
5293,0.991
1542,0.99
7056,0.979
2539,0.997
953,0.976
7241,0.999
6731,0.994
4846,0.993
6801,0.976
8010,0.981
4330,0.988
8924,0.978
5334,0.995
7330,0.983
9348,0.999
4729,0.98
6541,0.999
11174,0.994
5305,0.992
5161,0.976
7860,0.99
2156,0.98
1062,0.989
10808,0.979
1167,1.0
3636,0.989
7651,0.993
5588,0.997
11130,0.989
7192,0.994
4491,0.98
7266,0.976
4980,0.982
8335,0.991
11872,0.994
4946,0.978
2782,0.998
717,0.976
10011,0.995
2502,0.993
4360,0.991
4171,0.996
8082,0.989
11645,0.994
395,0.992
7186,0.993
11719,0.977
4492,0.98
1365,0.996
11922,0.999
8787,0.989
5917,0.982
4968,0.981
2914,0.986
10518,0.999
5644,0.978
3766,0.977
3440,0.993
7357,0.986
6806,0.977
9879,0.98
2143,0.979
5104,0.996
5073,0.992
1571,0.993
4079,0.986
1122,0.995
2786,0.998
2967,0.992
2504,0.993
5988,0.99
8867,0.998
11000,0.975
7164,0.991
728,0.977
7587,0.986
7543,0.981
412,0.994
11338,0.986
9708,0.987
5745,0.989
7668,0.995
825,0.988
3267,1.0
3974,1.0
8808,0.991
8306,0.987
417,0.995
11261,0.978
9817,0.999
6748,0.996
8967,0.983
11088,0.985
11508,0.979
2082,0.998
8945,0.98
10738,0.998
3373,0.985
5726,0.987
4107,0.989
10636,0.986
4380,0.993
7723,0.975
1066,0.989
3913,0.993
5536,0.992
8002,0.98
5387,0.975
5732,0.987
2738,0.993
5052,0.99
4000,0.977
9760,0.993
2427,0.984
6833,0.98
10123,0.981
1687,0.98
851,0.991
6303,0.999
9087,0.996
5878,0.978
8527,0.986
2839,0.978
11279,0.98
4611,0.993
9540,0.995
9207,0.984
11008,0.976
9823,1.0
2489,0.991
6905,0.988
7390,0.99
2849,0.979
6665,0.987
5881,0.978
10262,0.997
4452,0.975
9949,0.988
7421,0.993
9827,1.0
6484,0.993
2479,0.99
6617,0.982
10457,0.992
11151,0.992
11251,0.977
2141,0.978
11310,0.983
5188,0.979
11579,0.987
2744,0.993
7253,1.0
3506,1.0
1679,0.979
4249,0.979
3147,0.986
8130,0.994
10486,0.996
7004,0.999
580,0.987
9662,0.982
4070,0.985
3343,0.982
7404,0.991
3672,0.993
559,0.985
5237,0.984
7805,0.984
11041,0.979
512,0.979
1081,0.991
1664,0.977
9204,0.983
1931,0.981
11848,0.991
1150,0.998
2838,0.978
5949,0.986
8308,0.988
8932,0.979
11677,0.998
5177,0.978
830,0.989
8311,0.988
4752,0.983
11643,0.994
11599,0.989
635,0.993
4465,0.977
6799,0.976
7987,0.978
7079,0.981
6966,0.995
4142,0.993
7027,0.975
9183,0.981
876,0.994
4869,0.996
5315,0.993
5222,0.983
4,0.975
3051,0.976
5691,0.983
3124,0.984
10852,0.984
2491,0.991
3854,0.987
4777,0.985
9907,0.983
7509,0.977
6457,0.99
6293,0.998
1148,0.998
11453,0.999
574,0.986
3769,0.977
4146,0.993
853,0.991
10174,0.987
10966,0.997
5919,0.982
9358,1.0
6614,0.981
6002,0.991
9163,0.979
10893,0.989
4495,0.98
8173,0.999
6655,0.986
2368,0.978
4780,0.986
7992,0.979
2950,0.99
5625,0.976
6971,0.995
8716,0.981
10647,0.988
1841,0.997
5986,0.99
537,0.982
2806,1.0
5801,0.995
5596,0.998
7206,0.995
7343,0.984
7560,0.983
8096,0.99
11367,0.99
784,0.984
1409,0.975
10729,0.997
154,0.992
7806,0.984
3009,0.997
1686,0.98
11093,0.985
4014,0.979
7455,0.997
3863,0.988
2733,0.992
1895,0.977
5442,0.981
569,0.986
6709,0.992
5854,0.975
1816,0.994
10257,0.996
8319,0.989
3394,0.988
3327,0.98
11911,0.998
6102,0.977
2975,0.993
980,0.979
10492,0.996
190,0.996
9331,0.997
5088,0.994
699,1.0
11644,0.994
606,0.99
301,0.982
3420,0.991
11696,1.0
1060,0.988
10757,1.0
3444,0.993
1069,0.989
10716,0.995
2205,0.986
9435,0.983
7339,0.984
8208,0.977
7679,0.996
11312,0.983
4642,0.996
7683,0.996
9007,0.987
7996,0.979
11259,0.978
5600,0.999
9151,0.977
7022,0.975
4893,0.998
225,1.0
3354,0.983
5895,0.98
10677,0.991
8754,0.985
3436,0.992
1693,0.981
6893,0.986
1045,0.987
3446,0.993
8050,0.985
9146,0.977
11910,0.998
10927,0.993
11296,0.982
4735,0.981
4496,0.98
1218,0.98
6015,0.993
9719,0.988
3987,0.976
4911,1.0
9492,0.989
4493,0.98
6944,0.992
5699,0.984
8352,0.993
956,0.977
11426,0.996
2869,0.981
4433,0.999
4973,0.981
2961,0.992
2200,0.985
98,0.985
11753,0.98
2557,0.999
11375,0.99
8445,0.977
4199,0.999
9637,0.979
5539,0.992
1648,0.976
9888,0.981
11383,0.991
6197,0.987
6295,0.998
4499,0.98
1154,0.999
2255,0.991
9874,0.98
3170,0.989
7400,0.991
10248,0.995
7158,0.99
3108,0.982
4548,0.986
5423,0.979
2049,0.994
9208,0.984
8815,0.992
11689,0.999
262,0.978
11561,0.985
4061,0.984
5534,0.991
6616,0.982
8120,0.993
8155,0.997
1802,0.993
4736,0.981
11921,0.999
2385,0.98
6694,0.99
5759,0.99
1959,0.984
2976,0.993
8680,0.977
1843,0.997
1734,0.985
2911,0.986
11411,0.994
8338,0.991
1986,0.987
9561,0.997
6546,1.0
7098,0.983
2811,0.975
659,0.996
9986,0.992
2511,0.994
11589,0.988
4282,0.982
9339,0.998
11464,1.0
8800,0.99
6287,0.997
1930,0.981
7125,0.986
197,0.996
7777,0.981
2931,0.988
8004,0.98
2327,0.999
4389,0.994
8958,0.982
4218,0.975
11447,0.998
202,0.997
3510,0.975
4931,0.976
5535,0.992
9925,0.985
5791,0.994
10969,0.997
1707,0.982
5172,0.977
5249,0.986
11666,0.997
6528,0.998
11750,0.98
5855,0.975
8164,0.998
854,0.991
4737,0.981
10352,0.981
698,1.0
11344,0.987
11191,0.996
3696,0.995
1636,1.0
7280,0.977
7554,0.982
11649,0.995
3581,0.982
1291,0.988
6585,0.978
1853,0.998
5232,0.984
3763,0.977
3304,0.978
1495,0.985
11637,0.994
7994,0.979
1998,0.989
663,0.996
3748,0.975
4413,0.997
5530,0.991
5575,0.996
8901,0.976
7526,0.979
9474,0.987
5864,0.976
10867,0.986
6776,0.999
1306,0.99
7392,0.99
10429,0.989
11494,0.978
5592,0.998
10230,0.993
9721,0.989
1663,0.977
5450,0.982
11850,0.991
11874,0.994
3627,0.988
2693,0.988
11252,0.977
9789,0.996
10921,0.992
10817,0.98
5915,0.982
3157,0.987
11506,0.979
9914,0.984
6668,0.987
1059,0.988
4636,0.996
3242,0.997
1678,0.979
6892,0.986
6374,0.981
7574,0.984
1757,0.988
6019,0.993
5116,0.997
8755,0.985
7408,0.992
2790,0.999
863,0.992
7858,0.99
1484,0.983
7035,0.976
7721,1.0
5977,0.989
5134,0.999
206,0.997
4488,0.979
6938,0.991
9062,0.993
6910,0.988
502,0.978
7385,0.989
1028,0.985
3840,0.985
10882,0.988
8110,0.992
5056,0.99
9762,0.993
8154,0.997
10965,0.997
2731,0.992
8996,0.986
2454,0.987
7215,0.996
3104,0.981
8392,0.997
6278,0.996
3099,0.981
6184,0.986
10470,0.994
3561,0.98
5892,0.979
391,0.992
6736,0.995
5618,0.975
5258,0.987
9687,0.985
2695,0.988
2027,0.992
5463,0.984
2568,1.0
8006,0.98
64,0.982
2062,0.996
5276,0.989
7208,0.995
8684,0.977
8571,0.991
6331,0.976
4859,0.994
4887,0.998
9268,0.99
878,0.994
8529,0.986
7916,0.996
6863,0.983
7892,0.993
6439,0.988
7869,0.991
1016,0.983
9467,0.986
7629,0.99
11534,0.982
995,0.981
10173,0.987
4297,0.984
161,0.992
5675,0.981
6873,0.984
9692,0.985
7989,0.978
3843,0.986
10805,0.979
11653,0.995
1021,0.984
3073,0.978
7555,0.982
3943,0.997
1585,0.995
10147,0.984
3152,0.987
8226,0.979
775,0.983
10748,0.999
9670,0.983
7099,0.983
5486,0.986
6235,0.991
9555,0.996
7041,0.977
2612,0.979
7513,0.977
11016,0.977
10233,0.994
8433,0.976
10253,0.996
10555,0.977
8792,0.989
10627,0.985
5393,0.976
11080,0.984
8838,0.995
3890,0.991
3556,0.98
11394,0.993
1528,0.988
1267,0.985
7734,0.976
1899,0.978
4658,0.998
3005,0.996
2734,0.992
189,0.996
9998,0.993
9167,0.979
2747,0.994
2047,0.994
7849,0.989
2558,0.999
9274,0.991
8666,0.975
11096,0.985
6396,0.983
3385,0.987
4555,0.987
1184,0.976
6420,0.986
5051,0.99
5311,0.993
2433,0.985
6949,0.993
10583,0.98
769,0.982
1685,0.98
8322,0.989
11111,0.987
11363,0.989
11636,0.993
5578,0.996
4426,0.998
466,1.0
6265,0.995
5734,0.988
11284,0.98
5191,0.979
5390,0.975
860,0.992
7270,0.976
